year,name,fips,benes_total,benes_om,ma_rate_pct,avg_age,female_pct,medicaid_pct,spend_pc_actual,spend_pc_std,ip_spend_pc_std,ip_share_pct,ip_stays_per_1000,ip_users_pct,readmit_rate_pct,ed_visits_per_1000
2014,National,,56767775.0,33462969.0,32.13,71.0,55.05,21.48,9767.0,9191.0,2620.0,28.51,281.7,17.5,18.08,670.72
2015,National,,58294174.0,33551396.0,33.92,71.0,54.94,20.95,9959.0,9455.0,2644.0,27.96,278.6,17.36,17.97,682.52
2016,National,,59748950.0,33981630.0,34.86,71.0,54.88,20.68,10072.0,9533.0,2689.0,28.21,273.42,17.08,17.93,683.0
2017,National,,61183227.0,33725800.0,36.73,72.0,54.77,20.37,10332.0,9753.0,2739.0,28.09,273.46,17.07,18.05,685.91
2018,National,,62873334.0,33499454.0,38.6,72.0,54.67,19.75,10681.0,10093.0,2745.0,27.2,266.11,16.61,18.06,670.47
2019,National,,64424327.0,33172250.0,40.57,72.0,54.57,18.87,11113.0,10404.0,2789.0,26.8,261.52,16.33,18.12,661.96
2020,National,,65843042.0,32407829.0,43.48,72.0,54.51,17.98,10751.0,9931.0,2600.0,26.18,223.45,14.39,18.14,534.82
2021,National,,66962048.0,30900366.0,46.97,72.0,54.54,17.12,11659.0,10696.0,2694.0,25.19,219.54,14.21,18.0,559.31
2022,National,,68192489.0,29639955.0,50.03,73.0,54.6,16.5,12023.0,11087.0,2725.0,24.58,218.27,14.09,17.82,575.57
2023,National,,69515527.0,28408790.0,52.85,73.0,54.61,15.8,12768.0,11886.0,2794.0,23.51,222.31,14.2,17.84,583.21
2024,National,,71035683.0,27732177.0,54.84,73.0,54.6,14.57,13606.0,12553.0,2879.0,22.93,224.84,14.25,18.07,590.55
