year,name,fips,benes_total,benes_om,ma_rate_pct,avg_age,female_pct,medicaid_pct,benes_ma,spend_pc_actual,spend_pc_std,ip_spend_pc_std,ip_share_pct,ip_stays_per_1000,ip_users_pct,readmit_rate_pct,ed_visits_per_1000
2014,AK,02,84573.0,71383.0,0.66,70.0,50.32,23.81,477.0,8602.0,6524.0,2114.0,32.4,194.81,13.6,13.71,555.31
2014,AL,01,994352.0,674129.0,24.99,70.0,55.83,20.95,224558.0,8655.0,9365.0,2657.0,28.37,295.38,18.58,17.17,685.01
2014,AR,05,614341.0,444779.0,19.77,70.0,55.19,22.81,109591.0,8281.0,8746.0,2620.0,29.96,292.69,18.06,17.92,681.6
2014,AZ,04,1147495.0,598257.0,40.28,72.0,52.65,11.14,403538.0,8890.0,8302.0,2271.0,27.35,232.97,15.31,16.25,551.67
2014,CA,06,5760925.0,2718795.0,43.37,72.0,53.96,28.46,2082480.0,10782.0,8649.0,2457.0,28.41,242.99,15.19,18.06,580.07
2014,CO,08,794491.0,419069.0,39.2,71.0,53.24,17.15,270160.0,8269.0,7818.0,2176.0,27.84,222.94,15.12,14.57,619.03
2014,CT,09,650756.0,414271.0,26.25,73.0,57.0,27.6,147477.0,11288.0,9322.0,2678.0,28.72,298.54,18.36,18.22,736.44
2014,DC,11,90589.0,60204.0,13.34,71.0,57.69,41.74,9266.0,11609.0,9673.0,3168.0,32.75,335.38,18.7,22.43,933.19
2014,DE,10,182764.0,151409.0,7.9,72.0,55.4,16.49,12995.0,10093.0,9178.0,2725.0,29.69,281.52,17.5,18.11,629.65
2014,FL,12,4081432.0,2208281.0,38.82,73.0,54.76,18.45,1401254.0,10969.0,10866.0,2815.0,25.91,319.57,19.14,19.49,646.42
2014,GA,13,1549082.0,948452.0,30.41,70.0,55.14,20.85,414452.0,9166.0,9281.0,2610.0,28.13,276.16,17.25,17.92,709.16
2014,HI,15,249743.0,100192.0,51.99,73.0,52.45,12.7,108499.0,7249.0,6005.0,1742.0,29.01,167.46,11.5,15.0,485.76
2014,IA,19,589604.0,459065.0,14.83,73.0,55.95,17.46,79950.0,8035.0,7862.0,2267.0,28.84,252.86,16.87,15.49,633.09
2014,ID,16,284359.0,171598.0,33.16,71.0,52.44,19.54,85125.0,7858.0,7689.0,2092.0,27.2,210.84,14.7,13.42,603.08
2014,IL,17,2132736.0,1474204.0,13.95,72.0,56.07,17.34,239076.0,10087.0,9546.0,2763.0,28.94,306.88,18.65,18.78,652.82
2014,IN,18,1183440.0,820426.0,23.38,71.0,56.07,20.58,250382.0,9443.0,9370.0,2734.0,29.18,297.79,18.59,17.49,711.35
2014,KS,20,502551.0,389990.0,13.93,72.0,55.73,16.24,63136.0,8850.0,9019.0,2565.0,28.44,284.34,18.34,16.25,638.07
2014,KY,21,888198.0,596117.0,25.6,69.0,53.74,27.44,205124.0,8891.0,9103.0,2838.0,31.17,313.45,19.0,18.82,799.12
2014,LA,22,810349.0,508967.0,29.95,69.0,54.81,31.14,217611.0,10515.0,10997.0,2902.0,26.39,319.15,19.06,18.57,819.61
2014,MA,25,1248444.0,836441.0,21.4,71.0,56.17,27.55,227728.0,10866.0,9054.0,2571.0,28.39,300.95,18.07,18.74,732.53
2014,MD,24,953240.0,728265.0,9.5,72.0,57.12,17.62,76467.0,11315.0,9394.0,2882.0,30.68,295.48,17.68,21.23,690.16
2014,ME,23,314040.0,221458.0,21.57,70.0,54.63,38.08,60894.0,8261.0,7872.0,2155.0,27.38,246.61,16.09,16.84,795.39
2014,MI,26,1948340.0,1215731.0,31.52,70.0,55.09,22.21,559496.0,10289.0,9767.0,2989.0,30.6,327.97,19.58,19.53,778.06
2014,MN,27,933686.0,369520.0,55.55,70.0,53.33,24.61,461875.0,8760.0,7944.0,2520.0,31.72,268.56,17.12,17.31,694.8
2014,MO,29,1169488.0,756524.0,27.81,71.0,55.13,19.5,291451.0,9099.0,9184.0,2807.0,30.57,305.33,18.78,18.31,713.27
2014,MS,28,575816.0,456374.0,13.43,69.0,55.87,31.36,70781.0,9612.0,10188.0,2792.0,27.4,311.22,18.81,18.38,819.46
2014,MT,30,204770.0,151505.0,17.94,72.0,52.32,16.0,33126.0,7254.0,6899.0,2009.0,29.11,216.34,15.0,13.82,541.53
2014,NC,37,1804276.0,1165099.0,29.66,70.0,55.44,23.47,491172.0,8805.0,8698.0,2529.0,29.08,273.02,17.25,17.64,743.25
2014,ND,38,121804.0,92030.0,14.95,73.0,55.09,15.78,16174.0,8147.0,7983.0,2346.0,29.38,248.29,16.82,15.43,580.5
2014,NE,31,321670.0,252509.0,12.46,73.0,56.01,15.55,35953.0,8739.0,8493.0,2349.0,27.66,256.6,17.1,15.4,526.83
2014,NH,33,269116.0,217110.0,7.34,71.0,55.23,16.15,17186.0,8689.0,7830.0,2198.0,28.07,241.63,15.68,16.36,666.24
2014,NJ,34,1540510.0,1106217.0,16.23,73.0,57.25,14.84,214373.0,11448.0,9886.0,2753.0,27.85,295.33,17.95,19.11,612.34
2014,NM,35,378861.0,218512.0,33.31,70.0,52.42,24.61,109141.0,7768.0,7274.0,2020.0,27.77,219.47,14.44,16.06,591.72
2014,NV,32,456431.0,252049.0,35.44,71.0,51.79,15.61,138366.0,9997.0,9025.0,2478.0,27.46,249.42,15.45,18.38,601.81
2014,NY,36,3443701.0,1801176.0,39.15,72.0,56.21,28.35,1159021.0,11217.0,9174.0,2823.0,30.77,290.6,17.72,19.39,613.49
2014,OH,39,2219993.0,1171351.0,40.43,70.0,54.47,22.43,794980.0,9860.0,9754.0,2880.0,29.53,318.32,19.17,18.73,801.5
2014,OK,40,700693.0,519067.0,17.38,71.0,55.38,20.66,109184.0,9236.0,9606.0,2671.0,27.8,286.59,18.11,16.69,749.05
2014,OR,41,764398.0,363225.0,46.39,71.0,52.23,19.56,314361.0,7701.0,6872.0,2100.0,30.56,207.9,14.2,14.95,591.29
2014,PA,42,2616369.0,1328189.0,42.58,72.0,55.93,20.59,984950.0,10021.0,9485.0,2728.0,28.77,304.03,18.8,17.97,674.24
2014,RI,44,209541.0,106653.0,39.31,70.0,56.18,27.79,69093.0,10100.0,8837.0,2620.0,29.65,310.41,18.25,19.03,770.25
2014,SC,45,953629.0,668225.0,22.72,71.0,55.1,15.62,196498.0,8762.0,8857.0,2494.0,28.16,259.09,16.68,17.0,643.28
2014,SD,46,159626.0,118348.0,16.89,72.0,54.37,17.18,24049.0,8040.0,7720.0,2253.0,29.18,246.76,16.64,14.53,490.77
2014,TN,47,1267265.0,754328.0,33.65,71.0,55.22,21.65,382498.0,8914.0,9420.0,2681.0,28.46,296.31,18.17,18.29,710.89
2014,TX,48,3703369.0,2235761.0,31.01,71.0,54.85,21.05,1005022.0,10841.0,10820.0,2720.0,25.14,287.02,17.74,17.73,671.64
2014,UT,49,350202.0,193114.0,36.37,72.0,54.0,11.45,110368.0,8310.0,8253.0,2148.0,26.02,206.76,14.56,13.18,548.01
2014,VA,51,1378831.0,972847.0,17.36,72.0,55.78,13.94,204397.0,8551.0,8387.0,2488.0,29.67,264.65,16.72,18.04,661.55
2014,VT,50,134317.0,111302.0,7.58,71.0,54.52,26.33,9134.0,8065.0,7051.0,1944.0,27.57,210.04,14.15,15.33,651.6
2014,WA,53,1206057.0,721427.0,31.76,71.0,53.52,19.77,335782.0,8240.0,7386.0,2223.0,30.09,220.83,14.78,15.61,607.08
2014,WI,55,1075232.0,613037.0,37.09,71.0,55.19,21.57,361407.0,8345.0,7950.0,2369.0,29.79,256.26,16.68,16.44,645.09
2014,WV,54,430942.0,289250.0,26.49,69.0,52.43,27.76,104260.0,8420.0,8529.0,2723.0,31.92,298.38,18.1,19.11,808.17
2014,WY,56,96812.0,84309.0,3.53,72.0,52.85,13.88,3084.0,7972.0,7152.0,2164.0,30.26,223.58,15.34,14.77,571.93
2015,AK,02,88678.0,74618.0,0.71,70.0,50.4,23.35,536.0,8774.0,6758.0,2163.0,32.01,192.57,13.38,14.33,575.36
2015,AL,01,1015982.0,674322.0,26.4,70.0,55.82,20.26,241913.0,8914.0,9787.0,2722.0,27.81,296.54,18.58,17.34,699.68
2015,AR,05,624866.0,446657.0,20.6,70.0,55.13,22.15,115911.0,8519.0,9113.0,2657.0,29.15,289.88,18.0,17.73,696.07
2015,AZ,04,1192191.0,616634.0,41.07,72.0,52.72,10.95,429727.0,9054.0,8596.0,2293.0,26.68,227.18,15.02,16.1,570.06
2015,CA,06,5939098.0,2755869.0,44.79,72.0,53.97,28.68,2235829.0,11118.0,8957.0,2512.0,28.05,243.79,15.21,18.23,600.42
2015,CO,08,826793.0,430901.0,40.02,71.0,53.15,17.39,287562.0,8447.0,8072.0,2193.0,27.17,219.76,14.84,14.59,620.33
2015,CT,09,661709.0,412121.0,27.78,73.0,56.81,27.79,158559.0,11506.0,9685.0,2716.0,28.04,294.99,18.28,18.25,749.28
2015,DC,11,92585.0,60160.0,14.88,71.0,57.57,41.57,10520.0,11678.0,9882.0,3086.0,31.23,323.69,18.39,21.55,938.73
2015,DE,10,189247.0,156300.0,8.37,72.0,55.37,16.36,14286.0,10174.0,9414.0,2678.0,28.45,267.57,16.97,17.14,636.15
2015,FL,12,4224788.0,2215364.0,41.61,73.0,54.72,17.92,1578682.0,11034.0,11078.0,2831.0,25.56,313.59,18.85,19.44,660.41
2015,GA,13,1602402.0,942086.0,33.35,70.0,55.05,20.25,471338.0,9342.0,9606.0,2632.0,27.4,272.57,17.12,17.72,715.32
2015,HI,15,257417.0,103650.0,51.51,73.0,52.46,12.9,110113.0,7583.0,6266.0,1772.0,28.27,168.3,11.59,15.2,503.0
2015,IA,19,601118.0,464411.0,15.47,73.0,55.77,17.25,84977.0,8330.0,8188.0,2343.0,28.62,254.96,16.95,15.72,652.68
2015,ID,16,295917.0,175590.0,34.23,71.0,52.33,19.7,91405.0,7996.0,7946.0,2085.0,26.24,209.71,14.7,13.06,620.73
2015,IL,17,2173039.0,1456942.0,22.44,72.0,55.85,17.32,421528.0,10182.0,9739.0,2752.0,28.26,301.16,18.32,18.77,667.94
2015,IN,18,1210639.0,825116.0,24.67,71.0,56.04,20.94,270177.0,9662.0,9672.0,2768.0,28.62,294.79,18.42,17.34,729.84
2015,KS,20,512903.0,396093.0,14.21,72.0,55.61,15.58,65593.0,9074.0,9357.0,2609.0,27.88,286.17,18.55,16.08,657.83
2015,KY,21,905246.0,593816.0,27.15,69.0,53.67,27.07,221300.0,9099.0,9426.0,2906.0,30.83,312.24,18.92,18.9,806.31
2015,LA,22,830835.0,505746.0,31.82,70.0,54.78,30.4,236075.0,10656.0,11266.0,2920.0,25.92,311.92,18.78,18.15,830.95
2015,MA,25,1278414.0,854059.0,22.27,71.0,56.03,28.34,244715.0,11189.0,9325.0,2664.0,28.57,306.21,18.21,19.24,752.24
2015,MD,24,980228.0,749425.0,9.32,72.0,57.05,17.87,76997.0,11583.0,9527.0,2690.0,28.23,284.89,17.3,20.51,689.12
2015,ME,23,321446.0,218587.0,23.97,70.0,54.54,36.87,68917.0,8598.0,8214.0,2209.0,26.89,244.61,16.01,16.7,807.24
2015,MI,26,1991003.0,1169509.0,34.28,71.0,55.03,20.31,609913.0,10425.0,10011.0,3017.0,30.14,324.75,19.52,19.05,773.66
2015,MN,27,959696.0,362008.0,57.77,70.0,53.1,25.49,495128.0,9134.0,8323.0,2601.0,31.25,265.67,16.88,17.41,715.0
2015,MO,29,1193386.0,749863.0,29.9,71.0,55.03,19.2,319886.0,9272.0,9448.0,2821.0,29.86,303.35,18.7,18.33,742.18
2015,MS,28,586938.0,458036.0,14.5,70.0,55.82,30.83,77677.0,9874.0,10633.0,2849.0,26.8,314.6,18.97,18.51,852.13
2015,MT,30,211460.0,153902.0,19.1,72.0,52.14,16.15,36333.0,7596.0,7251.0,2050.0,28.27,219.12,15.14,14.07,558.45
2015,NC,37,1858180.0,1172975.0,30.98,70.0,55.39,22.89,526439.0,9043.0,9048.0,2566.0,28.36,271.36,17.18,17.62,758.63
2015,ND,38,124193.0,91316.0,17.19,73.0,54.76,15.67,18952.0,8328.0,8173.0,2382.0,29.14,248.82,16.93,14.83,594.12
2015,NE,31,330288.0,258356.0,12.72,73.0,55.87,15.16,37642.0,9139.0,8942.0,2482.0,27.76,265.07,17.56,15.63,546.25
2015,NH,33,277055.0,222846.0,7.69,71.0,55.09,16.01,18567.0,8870.0,8013.0,2215.0,27.64,244.32,15.75,16.78,669.18
2015,NJ,34,1569133.0,1126370.0,16.42,73.0,57.21,15.59,221237.0,11673.0,10085.0,2777.0,27.54,292.39,17.87,18.76,628.09
2015,NM,35,390962.0,222314.0,34.36,70.0,52.5,25.59,116355.0,7869.0,7501.0,2051.0,27.34,213.1,14.19,15.83,613.7
2015,NV,32,477218.0,259584.0,36.45,71.0,51.91,15.94,148903.0,10184.0,9253.0,2567.0,27.75,251.52,15.52,18.54,619.73
2015,NY,36,3509368.0,1788665.0,40.34,72.0,55.98,27.42,1209590.0,11449.0,9495.0,2839.0,29.9,286.42,17.51,19.23,622.37
2015,OH,39,2266485.0,1133730.0,43.27,71.0,54.07,19.43,864741.0,9698.0,9693.0,2811.0,29.0,302.58,18.53,18.11,775.82
2015,OK,40,714649.0,524802.0,17.9,71.0,55.34,20.43,114401.0,9621.0,10103.0,2789.0,27.6,291.31,18.37,16.73,766.08
2015,OR,41,793206.0,371422.0,47.19,71.0,52.23,20.31,331874.0,8067.0,7222.0,2150.0,29.77,209.72,14.26,15.33,613.31
2015,PA,42,2661938.0,1342768.0,42.98,72.0,55.73,20.33,1012327.0,10234.0,9756.0,2757.0,28.26,300.14,18.61,17.85,681.03
2015,RI,44,213357.0,110273.0,39.56,70.0,56.14,26.85,72188.0,10332.0,9068.0,2699.0,29.76,314.2,18.55,19.27,767.87
2015,SC,45,987819.0,681650.0,23.9,71.0,55.01,14.87,214075.0,8827.0,9069.0,2493.0,27.49,256.19,16.52,16.81,657.11
2015,SD,46,164087.0,117804.0,19.44,72.0,54.03,17.02,28419.0,8374.0,8068.0,2320.0,28.76,246.14,16.63,14.45,507.84
2015,TN,47,1298123.0,746197.0,36.02,71.0,55.15,20.76,420166.0,9078.0,9736.0,2726.0,28.0,295.01,18.14,18.25,720.72
2015,TX,48,3829645.0,2190152.0,33.61,71.0,54.63,18.43,1108547.0,10955.0,11078.0,2744.0,24.77,282.98,17.54,17.71,677.64
2015,UT,49,363569.0,198716.0,36.96,72.0,53.85,11.03,116484.0,8557.0,8537.0,2151.0,25.19,206.21,14.52,12.72,558.6
2015,VA,51,1418401.0,993996.0,18.99,72.0,55.8,13.49,233026.0,8734.0,8655.0,2499.0,28.88,262.46,16.62,17.67,679.36
2015,VT,50,137870.0,113908.0,7.78,71.0,54.44,25.96,9614.0,8417.0,7391.0,2006.0,27.14,219.62,14.55,16.35,675.48
2015,WA,53,1252610.0,743923.0,32.26,71.0,53.48,19.43,354305.0,8450.0,7619.0,2255.0,29.6,218.73,14.68,15.66,625.41
2015,WI,55,1103412.0,601376.0,39.86,71.0,54.87,21.62,398603.0,8585.0,8238.0,2392.0,29.03,252.32,16.5,16.23,672.79
2015,WV,54,436477.0,292046.0,26.94,69.0,52.58,27.74,107708.0,8720.0,8917.0,2779.0,31.16,302.58,18.28,19.33,840.35
2015,WY,56,100001.0,86821.0,3.58,72.0,52.82,13.53,3225.0,8407.0,7565.0,2299.0,30.39,227.69,15.55,14.55,598.6
2016,AK,02,92923.0,78268.0,0.73,70.0,50.36,22.97,573.0,9210.0,6847.0,2171.0,31.7,195.66,13.48,14.06,580.74
2016,AL,01,1035191.0,674292.0,27.8,70.0,55.89,20.0,259683.0,9016.0,9888.0,2775.0,28.07,292.91,18.43,17.35,694.08
2016,AR,05,634739.0,448670.0,21.48,70.0,55.09,21.58,122718.0,8666.0,9304.0,2712.0,29.15,284.12,17.75,17.74,693.53
2016,AZ,04,1235820.0,639399.0,41.2,72.0,52.85,10.96,448018.0,9197.0,8692.0,2335.0,26.86,220.42,14.72,15.82,575.81
2016,CA,06,6095984.0,2813891.0,45.7,72.0,53.97,30.14,2368606.0,11482.0,9164.0,2610.0,28.48,246.1,15.31,18.39,614.94
2016,CO,08,857579.0,447350.0,40.1,71.0,53.13,17.45,299451.0,8557.0,8158.0,2223.0,27.25,214.96,14.65,14.52,616.13
2016,CT,09,672511.0,412621.0,28.84,73.0,56.51,27.35,167221.0,11621.0,9733.0,2723.0,27.98,288.57,17.83,18.29,743.41
2016,DC,11,94123.0,59770.0,16.47,71.0,57.52,40.98,11789.0,11864.0,10079.0,3265.0,32.39,316.33,17.6,22.34,917.85
2016,DE,10,195642.0,159290.0,9.74,72.0,55.36,16.36,17198.0,10288.0,9449.0,2696.0,28.53,260.52,16.63,17.01,640.86
2016,FL,12,4355007.0,2242553.0,42.74,73.0,54.7,17.14,1674057.0,11015.0,11041.0,2881.0,26.09,305.49,18.51,19.07,666.59
2016,GA,13,1651904.0,942035.0,35.5,71.0,54.95,19.46,518474.0,9399.0,9639.0,2698.0,27.99,269.22,16.91,17.92,710.9
2016,HI,15,264207.0,106403.0,51.61,73.0,52.4,12.86,113466.0,7744.0,6441.0,1849.0,28.7,164.4,11.3,15.13,514.71
2016,IA,19,614453.0,457865.0,18.3,72.0,55.63,17.44,102575.0,8301.0,8185.0,2310.0,28.22,244.38,16.33,15.52,646.24
2016,ID,16,308167.0,184391.0,33.72,71.0,52.28,19.42,93818.0,8058.0,8014.0,2097.0,26.17,205.55,14.51,13.01,624.39
2016,IL,17,2212951.0,1472951.0,23.46,72.0,55.74,17.91,451565.0,10375.0,9894.0,2827.0,28.57,297.51,18.1,18.71,678.14
2016,IN,18,1237603.0,823889.0,25.73,71.0,56.03,21.27,285422.0,9666.0,9692.0,2802.0,28.91,287.28,18.04,17.1,737.28
2016,KS,20,523621.0,398740.0,15.3,72.0,55.47,15.02,72002.0,9125.0,9438.0,2613.0,27.68,276.5,18.01,15.91,651.96
2016,KY,21,922288.0,591223.0,28.7,69.0,53.62,26.15,238015.0,9166.0,9470.0,2951.0,31.16,305.89,18.63,18.95,803.26
2016,LA,22,851190.0,507463.0,33.24,70.0,54.75,29.9,252629.0,10742.0,11400.0,3025.0,26.54,310.55,18.68,18.46,835.94
2016,MA,25,1304985.0,865717.0,22.94,71.0,55.89,27.95,257767.0,11283.0,9411.0,2727.0,28.98,301.39,17.93,19.4,747.72
2016,MD,24,1006621.0,757618.0,10.6,72.0,57.03,17.95,89815.0,11550.0,9560.0,2667.0,27.9,274.27,16.85,19.87,667.5
2016,ME,23,328711.0,215995.0,26.5,70.0,54.44,35.63,77865.0,8741.0,8390.0,2269.0,27.05,239.45,15.68,16.61,799.65
2016,MI,26,2033388.0,1172704.0,36.17,71.0,55.01,20.63,664554.0,10447.0,9997.0,3047.0,30.48,317.29,19.16,18.75,770.98
2016,MN,27,986969.0,353171.0,59.88,70.0,52.88,25.85,527078.0,9258.0,8452.0,2666.0,31.55,262.62,16.72,17.53,727.96
2016,MO,29,1216431.0,742845.0,31.73,71.0,55.07,18.89,345214.0,9318.0,9521.0,2839.0,29.81,294.25,18.23,18.21,734.95
2016,MS,28,597070.0,458829.0,15.76,70.0,55.77,30.1,85844.0,9908.0,10705.0,2895.0,27.04,307.33,18.69,18.46,840.61
2016,MT,30,218696.0,155819.0,20.81,72.0,52.07,16.33,40948.0,7774.0,7396.0,2082.0,28.15,214.52,14.93,14.08,570.99
2016,NC,37,1909894.0,1185183.0,32.19,71.0,55.31,22.25,562542.0,9101.0,9065.0,2580.0,28.46,263.85,16.87,17.41,757.5
2016,ND,38,127083.0,90018.0,20.23,73.0,54.43,15.62,22832.0,8532.0,8319.0,2419.0,29.08,240.86,16.23,15.8,598.1
2016,NE,31,338038.0,262993.0,13.18,73.0,55.73,14.67,39923.0,9129.0,9025.0,2544.0,28.19,254.92,17.01,15.09,551.26
2016,NH,33,285643.0,226252.0,8.98,71.0,54.98,15.49,22335.0,8998.0,8177.0,2297.0,28.09,244.82,15.76,16.82,671.29
2016,NJ,34,1597276.0,1124742.0,17.97,73.0,57.1,14.97,246346.0,11875.0,10185.0,2815.0,27.64,287.1,17.55,18.8,629.35
2016,NM,35,403105.0,227572.0,34.94,70.0,52.51,25.75,122211.0,8028.0,7711.0,2159.0,28.0,211.08,14.09,15.86,625.85
2016,NV,32,496161.0,265397.0,37.47,71.0,52.09,17.5,159016.0,10325.0,9347.0,2628.0,28.12,256.97,15.72,19.14,625.51
2016,NY,36,3570148.0,1803072.0,40.86,72.0,55.88,26.28,1245989.0,11762.0,9671.0,2905.0,30.03,285.32,17.38,19.35,625.98
2016,OH,39,2312888.0,1231290.0,39.57,71.0,54.36,18.26,806142.0,9777.0,9733.0,2845.0,29.24,295.87,18.21,18.05,764.52
2016,OK,40,727451.0,530298.0,18.39,71.0,55.36,20.1,119476.0,9766.0,10278.0,2874.0,27.96,285.71,18.05,17.12,760.39
2016,OR,41,820501.0,381233.0,47.64,71.0,52.27,20.38,346935.0,8209.0,7282.0,2155.0,29.59,204.7,13.99,14.91,624.69
2016,PA,42,2707567.0,1364111.0,43.15,72.0,55.57,19.96,1035292.0,10223.0,9714.0,2767.0,28.48,290.7,18.06,17.82,667.14
2016,RI,44,217264.0,103996.0,41.67,71.0,55.49,20.85,74308.0,10176.0,8907.0,2606.0,29.26,294.34,17.59,18.22,720.13
2016,SC,45,1019854.0,687198.0,24.96,71.0,54.77,13.16,228585.0,8776.0,9014.0,2517.0,27.93,249.82,16.16,17.02,654.87
2016,SD,46,168903.0,117176.0,22.08,72.0,53.76,16.92,33202.0,8493.0,8159.0,2319.0,28.43,241.36,16.2,15.29,511.92
2016,TN,47,1327502.0,746122.0,37.48,71.0,55.14,19.74,447198.0,9124.0,9749.0,2776.0,28.47,287.33,17.75,18.08,707.5
2016,TX,48,3950816.0,2222439.0,35.63,72.0,54.63,18.37,1230017.0,11081.0,11214.0,2822.0,25.16,281.22,17.42,17.82,687.32
2016,UT,49,376643.0,202886.0,37.8,72.0,53.81,10.88,123277.0,8636.0,8558.0,2154.0,25.17,205.77,14.56,12.8,563.41
2016,VA,51,1456665.0,1015425.0,19.64,72.0,55.75,13.29,248139.0,8879.0,8761.0,2553.0,29.14,256.72,16.33,17.55,679.3
2016,VT,50,141832.0,116615.0,8.1,71.0,54.34,25.49,10281.0,8540.0,7541.0,2072.0,27.48,218.82,14.6,16.22,662.27
2016,WA,53,1296345.0,767431.0,32.4,72.0,53.43,18.91,367767.0,8602.0,7680.0,2246.0,29.25,212.03,14.31,15.48,626.48
2016,WI,55,1133665.0,606087.0,41.02,71.0,54.6,21.19,421501.0,8560.0,8248.0,2395.0,29.03,244.12,15.96,16.43,676.42
2016,WV,54,441957.0,292211.0,27.68,69.0,52.58,27.35,111831.0,8881.0,9071.0,2826.0,31.16,292.57,17.81,19.0,828.88
2016,WY,56,103425.0,89736.0,3.49,72.0,52.66,13.0,3241.0,8542.0,7680.0,2347.0,30.55,222.26,15.35,14.73,595.35
2017,AK,02,96894.0,80901.0,1.45,70.0,50.51,23.13,1187.0,9553.0,7057.0,2234.0,31.66,195.34,13.36,14.65,580.15
2017,AL,01,1052701.0,579332.0,38.74,70.0,54.99,22.25,366431.0,9455.0,10395.0,2926.0,28.15,301.95,18.78,17.9,740.16
2017,AR,05,643893.0,444843.0,22.89,71.0,55.0,21.12,132027.0,8994.0,9666.0,2812.0,29.09,285.79,17.78,17.98,708.77
2017,AZ,04,1280345.0,657088.0,41.71,72.0,52.95,10.75,470252.0,9541.0,8926.0,2344.0,26.26,221.07,14.69,15.97,583.17
2017,CA,06,6245841.0,2845247.0,46.42,72.0,53.95,30.33,2465038.0,11851.0,9430.0,2677.0,28.39,248.85,15.42,18.63,628.62
2017,CO,08,888933.0,456708.0,40.9,71.0,53.11,16.85,316072.0,8897.0,8416.0,2291.0,27.23,214.41,14.65,14.52,605.06
2017,CT,09,685365.0,408995.0,30.87,73.0,56.36,26.81,182616.0,11898.0,9964.0,2790.0,28.0,286.49,17.77,18.19,739.49
2017,DC,11,95415.0,59778.0,18.22,71.0,57.44,41.4,13314.0,12119.0,10296.0,3289.0,31.94,303.67,17.17,23.06,927.2
2017,DE,10,202288.0,159656.0,11.89,72.0,55.35,17.05,21544.0,10415.0,9506.0,2631.0,27.68,255.52,16.36,17.0,639.69
2017,FL,12,4482799.0,2222673.0,44.77,73.0,54.65,16.27,1801714.0,11166.0,11186.0,2923.0,26.13,304.31,18.43,19.16,675.36
2017,GA,13,1700783.0,934137.0,37.72,71.0,54.71,18.84,565659.0,9700.0,9920.0,2776.0,27.99,270.91,16.97,18.17,708.62
2017,HI,15,271605.0,108600.0,51.68,73.0,52.36,12.38,116165.0,7996.0,6675.0,1919.0,28.75,161.8,11.16,15.19,531.45
2017,IA,19,627084.0,462030.0,19.0,72.0,55.43,17.03,108346.0,8623.0,8506.0,2362.0,27.77,244.59,16.37,15.5,652.62
2017,ID,16,320592.0,193238.0,33.17,71.0,52.14,19.18,95891.0,8206.0,8157.0,2120.0,25.99,204.41,14.33,13.5,620.27
2017,IL,17,2252496.0,1446656.0,25.84,72.0,55.68,17.91,504016.0,10646.0,10119.0,2885.0,28.52,298.53,18.17,18.87,684.12
2017,IN,18,1262908.0,816443.0,28.12,71.0,55.93,20.84,319322.0,9865.0,9841.0,2821.0,28.66,285.82,18.0,17.28,729.65
2017,KS,20,535130.0,399263.0,16.55,72.0,55.23,14.44,79189.0,9468.0,9778.0,2717.0,27.79,279.01,18.11,16.14,663.33
2017,KY,21,936714.0,583799.0,30.39,70.0,53.57,25.56,254924.0,9545.0,9811.0,2965.0,30.22,303.27,18.52,18.85,794.22
2017,LA,22,868977.0,499753.0,35.35,70.0,54.64,29.52,273299.0,10914.0,11539.0,3028.0,26.24,307.97,18.62,18.19,842.02
2017,MA,25,1334803.0,861256.0,24.64,71.0,55.82,27.09,281594.0,11456.0,9591.0,2789.0,29.08,302.6,18.04,19.45,741.91
2017,MD,24,1032279.0,758405.0,12.42,72.0,56.99,18.23,107593.0,11970.0,9806.0,2702.0,27.55,266.32,16.48,19.59,669.9
2017,ME,23,336446.0,210245.0,30.1,70.0,54.37,34.8,90546.0,9011.0,8611.0,2331.0,27.07,239.56,15.61,16.84,800.34
2017,MI,26,2072824.0,1158685.0,38.26,71.0,54.98,21.11,718043.0,10568.0,10103.0,3089.0,30.57,314.33,19.0,18.85,772.83
2017,MN,27,1012838.0,342843.0,61.94,70.0,52.63,25.91,558011.0,9589.0,8719.0,2755.0,31.6,268.8,17.0,17.54,730.8
2017,MO,29,1237806.0,729320.0,34.07,71.0,54.92,18.54,376922.0,9607.0,9828.0,2910.0,29.61,294.59,18.21,18.53,731.84
2017,MS,28,606549.0,455993.0,17.23,70.0,55.64,29.49,94926.0,10175.0,10998.0,2933.0,26.67,307.74,18.62,18.61,834.28
2017,MT,30,225947.0,158973.0,21.78,72.0,51.97,16.5,44259.0,8069.0,7651.0,2164.0,28.29,216.78,15.08,13.89,576.26
2017,NC,37,1961846.0,1186319.0,33.72,71.0,55.12,21.9,603414.0,9335.0,9298.0,2602.0,27.99,263.46,16.79,17.53,755.38
2017,ND,38,130344.0,93309.0,19.25,73.0,54.06,14.98,22239.0,8963.0,8672.0,2531.0,29.18,245.95,16.39,16.3,597.37
2017,NE,31,345867.0,265882.0,13.89,73.0,55.57,14.2,42893.0,9452.0,9266.0,2598.0,28.03,258.02,17.17,15.66,553.87
2017,NH,33,294240.0,225488.0,11.68,71.0,54.92,15.2,29808.0,9297.0,8377.0,2373.0,28.33,246.3,15.8,17.19,664.16
2017,NJ,34,1626034.0,1052836.0,23.68,73.0,57.04,14.5,326695.0,12158.0,10401.0,2846.0,27.36,285.42,17.44,18.88,630.91
2017,NM,35,415222.0,228159.0,36.64,71.0,52.5,25.58,131927.0,8243.0,7931.0,2182.0,27.51,209.08,13.87,16.24,629.43
2017,NV,32,515647.0,269504.0,38.96,71.0,52.16,17.82,171989.0,10658.0,9646.0,2744.0,28.45,267.54,16.13,19.52,653.72
2017,NY,36,3639620.0,1769970.0,42.89,72.0,55.78,26.06,1329076.0,12141.0,10004.0,2973.0,29.72,287.97,17.52,19.38,628.33
2017,OH,39,2356849.0,1221336.0,41.24,71.0,54.21,17.95,857294.0,10044.0,10018.0,2932.0,29.27,298.61,18.35,18.12,761.47
2017,OK,40,740657.0,532303.0,19.31,71.0,55.27,19.92,127399.0,10222.0,10661.0,2983.0,27.98,290.45,18.27,17.33,770.71
2017,OR,41,845401.0,388396.0,48.16,71.0,52.26,20.31,360881.0,8451.0,7504.0,2230.0,29.72,205.19,14.04,14.82,621.66
2017,PA,42,2753347.0,1354332.0,44.39,72.0,55.39,19.51,1081038.0,10439.0,9884.0,2808.0,28.41,290.98,18.0,18.11,662.73
2017,RI,44,221438.0,94984.0,47.95,72.0,55.3,13.92,87500.0,10308.0,9098.0,2672.0,29.37,292.22,17.61,18.79,669.18
2017,SC,45,1050911.0,690332.0,26.96,71.0,54.76,12.6,254817.0,9071.0,9288.0,2530.0,27.24,244.64,15.91,16.87,653.66
2017,SD,46,173490.0,120729.0,22.13,72.0,53.57,16.56,34303.0,8739.0,8406.0,2343.0,27.87,241.11,16.11,15.38,520.84
2017,TN,47,1354945.0,742461.0,38.86,71.0,55.03,18.54,471851.0,9393.0,9993.0,2833.0,28.35,286.97,17.75,18.1,695.9
2017,TX,48,4076427.0,2205833.0,37.78,72.0,54.51,17.64,1339190.0,11188.0,11290.0,2862.0,25.35,281.31,17.39,18.09,695.46
2017,UT,49,389726.0,205755.0,38.9,72.0,53.75,10.62,131016.0,8906.0,8790.0,2193.0,24.95,205.93,14.53,12.58,559.75
2017,VA,51,1494571.0,1025527.0,20.95,72.0,55.71,13.47,271760.0,9120.0,8996.0,2593.0,28.83,257.45,16.35,17.6,684.6
2017,VT,50,145641.0,117186.0,9.7,71.0,54.22,24.79,12592.0,8733.0,7670.0,2076.0,27.07,220.57,14.74,15.76,661.76
2017,WA,53,1338611.0,781397.0,33.25,72.0,53.45,18.36,389274.0,8785.0,7885.0,2302.0,29.19,213.38,14.34,15.72,625.24
2017,WI,55,1162224.0,607014.0,42.29,71.0,54.36,20.69,444846.0,8770.0,8417.0,2420.0,28.75,242.72,15.9,16.29,679.19
2017,WV,54,447065.0,283163.0,30.42,70.0,52.7,27.57,123769.0,9226.0,9412.0,2920.0,31.02,296.98,18.05,19.34,835.62
2017,WY,56,107081.0,92439.0,3.98,72.0,52.48,12.52,3836.0,8715.0,7833.0,2325.0,29.68,219.14,15.19,13.84,598.79
2018,AK,02,101382.0,84714.0,1.56,71.0,50.41,22.87,1346.0,9986.0,7490.0,2264.0,30.22,193.13,13.24,14.76,567.72
2018,AL,01,1076245.0,558242.0,41.82,70.0,54.85,20.91,401245.0,9813.0,10753.0,2924.0,27.19,291.05,18.27,17.49,709.84
2018,AR,05,657063.0,438753.0,25.01,71.0,54.89,20.07,146344.0,9383.0,10063.0,2805.0,27.87,276.73,17.29,17.65,686.55
2018,AZ,04,1329800.0,674543.0,42.25,73.0,53.1,10.36,493476.0,9626.0,9145.0,2306.0,25.21,210.14,14.01,15.88,557.58
2018,CA,06,6418955.0,2859639.0,47.47,72.0,53.97,30.25,2583757.0,12252.0,9833.0,2685.0,27.31,242.37,14.99,18.59,618.55
2018,CO,08,924433.0,470889.0,41.26,71.0,53.08,15.89,330817.0,9214.0,8763.0,2286.0,26.08,207.59,14.19,14.42,584.84
2018,CT,09,699720.0,349723.0,40.35,73.0,56.07,29.98,236533.0,12636.0,10710.0,2975.0,27.77,295.95,18.11,18.8,773.08
2018,DC,11,97088.0,59607.0,20.19,71.0,57.37,40.97,15075.0,12209.0,10373.0,3078.0,29.67,285.44,16.46,21.87,905.73
2018,DE,10,210490.0,161419.0,14.39,72.0,55.53,15.34,27124.0,10770.0,9820.0,2582.0,26.3,244.66,15.55,17.11,629.22
2018,FL,12,4614726.0,2200541.0,46.71,73.0,54.62,15.15,1928864.0,11562.0,11572.0,2931.0,25.33,295.01,17.93,18.92,659.05
2018,GA,13,1758723.0,922694.0,40.26,71.0,54.61,18.14,621901.0,10177.0,10341.0,2813.0,27.21,268.95,16.7,18.54,690.44
2018,HI,15,279644.0,109802.0,52.33,73.0,52.45,11.65,120526.0,8229.0,6914.0,1825.0,26.39,150.97,10.47,14.82,522.7
2018,IA,19,642756.0,459490.0,20.67,73.0,55.23,15.54,119687.0,8900.0,8816.0,2326.0,26.39,232.39,15.7,15.18,625.72
2018,ID,16,335256.0,197580.0,34.2,71.0,52.08,17.97,102685.0,8464.0,8465.0,2107.0,24.89,195.78,13.77,13.49,605.19
2018,IL,17,2300947.0,1443296.0,27.27,72.0,55.54,17.86,541258.0,11057.0,10524.0,2932.0,27.86,295.12,17.87,18.97,679.55
2018,IN,18,1295139.0,798312.0,31.13,71.0,55.88,20.74,360905.0,10200.0,10184.0,2847.0,27.95,280.66,17.59,17.53,710.35
2018,KS,20,549627.0,402023.0,17.88,72.0,55.16,13.82,87557.0,9870.0,10158.0,2734.0,26.92,275.33,17.87,16.14,645.08
2018,KY,21,956160.0,575920.0,32.49,70.0,53.49,24.71,277215.0,9802.0,10151.0,2949.0,29.05,292.55,17.88,18.95,770.08
2018,LA,22,892776.0,492816.0,37.62,70.0,54.58,28.81,297241.0,11349.0,11949.0,3055.0,25.57,301.3,18.17,18.65,816.59
2018,MA,25,1365950.0,864096.0,25.76,71.0,55.75,25.92,299817.0,11930.0,10003.0,2858.0,28.57,298.81,17.82,19.52,735.13
2018,MD,24,1062029.0,768524.0,13.49,72.0,57.05,18.0,119816.0,12244.0,10100.0,2686.0,26.59,256.36,15.81,19.87,663.0
2018,ME,23,346350.0,203921.0,33.75,71.0,54.14,33.21,103897.0,9200.0,8845.0,2290.0,25.89,228.69,15.07,16.44,774.5
2018,MI,26,2122021.0,1107665.0,42.25,71.0,55.31,22.07,810213.0,10691.0,10305.0,3037.0,29.47,298.56,18.11,18.9,754.21
2018,MN,27,1044080.0,347019.0,62.65,70.0,52.43,25.28,582196.0,9981.0,9108.0,2824.0,31.01,267.82,16.81,17.95,724.64
2018,MO,29,1263436.0,718509.0,36.21,71.0,54.82,17.69,407809.0,9994.0,10214.0,2952.0,28.91,291.24,18.0,18.64,710.31
2018,MS,28,619848.0,454172.0,19.01,70.0,55.6,28.63,106611.0,10651.0,11449.0,2917.0,25.48,299.89,18.28,18.35,807.8
2018,MT,30,233836.0,168791.0,19.35,72.0,51.9,15.82,40492.0,8423.0,8011.0,2139.0,26.7,209.13,14.41,14.1,570.9
2018,NC,37,2021544.0,1161335.0,36.24,71.0,54.65,20.09,660078.0,9641.0,9576.0,2615.0,27.3,257.43,16.37,17.69,722.46
2018,ND,38,134192.0,96376.0,19.36,73.0,53.82,14.53,23131.0,9043.0,8827.0,2400.0,27.19,231.12,15.33,16.27,578.97
2018,NE,31,354974.0,266105.0,15.42,73.0,55.32,12.79,48510.0,9814.0,9619.0,2586.0,26.89,251.4,16.67,15.69,535.8
2018,NH,33,304140.0,225512.0,14.17,71.0,54.9,14.68,37222.0,9738.0,8686.0,2400.0,27.63,240.73,15.52,17.02,655.66
2018,NJ,34,1661111.0,1047848.0,25.55,73.0,56.91,13.77,359619.0,12546.0,10772.0,2863.0,26.57,278.21,17.06,18.77,620.1
2018,NM,35,429014.0,231511.0,37.58,71.0,52.5,24.33,139396.0,8404.0,8110.0,2138.0,26.36,201.72,13.52,15.73,618.4
2018,NV,32,536704.0,273913.0,40.12,71.0,52.23,17.7,183533.0,11051.0,9970.0,2756.0,27.64,263.18,15.68,20.0,653.4
2018,NY,36,3727628.0,1755640.0,44.53,72.0,55.68,25.49,1409406.0,12581.0,10425.0,3035.0,29.11,286.15,17.4,19.29,624.56
2018,OH,39,2409155.0,1180107.0,44.12,71.0,54.23,17.1,931803.0,10306.0,10297.0,2909.0,28.25,287.48,17.69,18.17,734.32
2018,OK,40,759437.0,531805.0,20.66,71.0,55.18,19.23,138447.0,10713.0,11132.0,3000.0,26.95,287.59,18.03,17.46,759.41
2018,OR,41,876116.0,396895.0,48.71,71.0,52.3,20.07,376858.0,8718.0,7812.0,2204.0,28.22,197.89,13.43,15.07,615.61
2018,PA,42,2813225.0,1360968.0,45.1,72.0,55.23,18.66,1118141.0,10699.0,10145.0,2813.0,27.73,281.59,17.39,18.18,646.38
2018,RI,44,226533.0,94086.0,50.24,72.0,55.12,14.56,95000.0,10369.0,9260.0,2545.0,27.48,279.31,16.81,18.99,647.5
2018,SC,45,1088543.0,697120.0,28.77,71.0,54.75,11.77,281607.0,9387.0,9617.0,2484.0,25.83,234.56,15.26,16.91,633.81
2018,SD,46,179369.0,125090.0,22.0,72.0,53.33,15.84,35282.0,9050.0,8775.0,2328.0,26.53,233.81,15.63,15.31,521.17
2018,TN,47,1389700.0,736308.0,40.67,71.0,55.05,16.54,504806.0,9624.0,10214.0,2768.0,27.1,274.31,17.05,17.97,669.04
2018,TX,48,4226539.0,2152365.0,41.15,72.0,54.07,16.93,1505159.0,11643.0,11638.0,2890.0,24.83,273.52,16.87,18.18,680.43
2018,UT,49,405363.0,210544.0,39.93,72.0,53.71,10.57,139973.0,9270.0,9109.0,2147.0,23.57,196.51,13.85,12.81,545.06
2018,VA,51,1540865.0,1046853.0,21.38,72.0,55.6,14.05,284720.0,9470.0,9332.0,2617.0,28.04,254.55,16.22,17.48,682.65
2018,VT,50,150295.0,118996.0,10.9,71.0,54.1,24.12,14560.0,9062.0,7717.0,2125.0,27.54,219.02,14.55,15.99,670.58
2018,WA,53,1383859.0,785400.0,34.86,72.0,53.33,17.33,420369.0,9006.0,8155.0,2263.0,27.76,206.29,13.84,15.67,614.46
2018,WI,55,1198101.0,608339.0,43.8,71.0,54.18,19.91,474092.0,9082.0,8770.0,2427.0,27.68,236.87,15.45,16.57,665.12
2018,WV,54,454362.0,276812.0,32.89,70.0,52.69,27.4,135638.0,9663.0,9862.0,3000.0,30.42,294.95,17.77,19.66,825.98
2018,WY,56,111731.0,96156.0,4.08,72.0,52.28,12.39,4094.0,9207.0,8208.0,2283.0,27.81,214.53,14.72,14.47,597.72
2019,AK,02,105693.0,88343.0,1.66,71.0,50.37,22.63,1494.0,9989.0,7643.0,2262.0,29.59,185.11,12.74,15.08,559.6
2019,AL,01,1095425.0,534585.0,45.01,71.0,54.69,19.22,437600.0,10338.0,11178.0,2976.0,26.62,289.22,18.08,17.74,701.1
2019,AR,05,666885.0,429494.0,27.68,71.0,54.93,19.09,164405.0,9841.0,10519.0,2845.0,27.04,269.61,16.98,17.75,675.1
2019,AZ,04,1384678.0,681997.0,43.8,73.0,53.0,10.5,531612.0,10001.0,9477.0,2335.0,24.64,209.28,13.93,15.89,557.76
2019,CA,06,6574726.0,2855978.0,48.76,72.0,53.97,30.0,2717956.0,12858.0,10220.0,2741.0,26.82,240.42,14.82,18.8,624.01
2019,CO,08,955018.0,451034.0,45.54,71.0,52.68,16.12,377176.0,9540.0,9035.0,2320.0,25.68,202.49,13.78,14.61,580.2
2019,CT,09,713025.0,332304.0,45.59,73.0,55.82,29.74,278405.0,13202.0,11165.0,3094.0,27.71,294.06,18.06,18.52,765.94
2019,DC,11,98370.0,58445.0,22.31,72.0,57.25,39.58,16784.0,12475.0,10607.0,3207.0,30.24,277.89,15.96,22.61,825.46
2019,DE,10,217772.0,161453.0,16.87,72.0,55.49,14.75,32768.0,11145.0,10166.0,2571.0,25.28,242.73,15.41,17.27,620.04
2019,FL,12,4760143.0,2181847.0,48.75,73.0,54.57,14.42,2075549.0,12022.0,11915.0,2975.0,24.97,290.63,17.7,18.87,660.06
2019,GA,13,1810948.0,908154.0,42.71,71.0,54.47,17.25,677051.0,10766.0,10766.0,2875.0,26.7,265.29,16.37,18.86,686.71
2019,HI,15,286844.0,110608.0,53.06,73.0,52.5,11.27,125045.0,8593.0,7128.0,1837.0,25.77,152.21,10.51,14.7,538.36
2019,IA,19,655766.0,450594.0,23.66,73.0,55.06,13.66,139615.0,9277.0,9157.0,2351.0,25.68,226.68,15.37,15.04,601.32
2019,ID,16,349820.0,198876.0,36.21,71.0,51.93,16.35,112909.0,8764.0,8580.0,2067.0,24.09,185.07,13.11,12.99,567.63
2019,IL,17,2341496.0,1426828.0,29.35,73.0,55.41,17.35,592718.0,11386.0,10768.0,2996.0,27.82,291.22,17.68,19.09,673.43
2019,IN,18,1322077.0,777404.0,33.87,71.0,55.65,19.47,398219.0,10625.0,10568.0,2928.0,27.7,276.01,17.3,17.69,697.06
2019,KS,20,561444.0,400112.0,19.74,72.0,55.04,13.04,98419.0,10259.0,10492.0,2749.0,26.21,269.76,17.43,16.12,634.07
2019,KY,21,972766.0,550717.0,35.9,70.0,53.21,23.07,308388.0,10169.0,10449.0,2983.0,28.55,286.28,17.52,19.02,750.71
2019,LA,22,913689.0,474144.0,40.85,70.0,54.31,27.46,327500.0,11740.0,12204.0,3071.0,25.16,294.31,17.67,18.86,790.33
2019,MA,25,1392632.0,864404.0,27.26,72.0,55.74,24.96,324003.0,12383.0,10234.0,2890.0,28.24,294.92,17.59,19.6,722.87
2019,MD,24,1088101.0,783221.0,13.64,72.0,57.05,17.79,123739.0,12584.0,10327.0,2671.0,25.87,246.29,15.3,19.52,647.8
2019,ME,23,354827.0,192176.0,38.31,71.0,53.93,30.93,119362.0,9685.0,9039.0,2326.0,25.74,223.97,14.84,16.21,757.82
2019,MI,26,2162655.0,1079571.0,44.37,71.0,55.2,21.19,861118.0,10991.0,10535.0,3079.0,29.23,292.82,17.69,19.1,737.3
2019,MN,27,1070360.0,481200.0,49.23,71.0,53.64,17.99,466613.0,10582.0,9675.0,2831.0,29.27,255.64,16.44,17.16,674.03
2019,MO,29,1285579.0,688601.0,39.78,71.0,54.53,16.95,454822.0,10454.0,10594.0,3013.0,28.44,285.55,17.67,18.36,701.51
2019,MS,28,630700.0,449193.0,20.53,70.0,55.52,27.26,116031.0,11190.0,11905.0,3017.0,25.34,295.21,17.9,18.7,795.61
2019,MT,30,241423.0,172533.0,20.31,72.0,51.92,15.18,43973.0,8704.0,8195.0,2180.0,26.6,204.44,14.18,14.02,550.1
2019,NC,37,2077183.0,1137491.0,39.22,71.0,54.44,18.67,734074.0,10075.0,9871.0,2638.0,26.72,255.38,16.21,17.67,708.32
2019,ND,38,137782.0,98296.0,19.66,73.0,53.59,14.18,24047.0,9283.0,8930.0,2431.0,27.22,226.77,15.08,16.39,559.13
2019,NE,31,363021.0,264638.0,17.7,73.0,55.15,11.83,56900.0,10219.0,9959.0,2589.0,26.0,243.03,16.22,15.6,523.14
2019,NH,33,312827.0,214914.0,20.33,72.0,54.71,14.55,54848.0,10042.0,8934.0,2476.0,27.71,237.24,15.17,17.28,653.08
2019,NJ,34,1692622.0,957113.0,32.95,73.0,56.68,13.93,470354.0,12997.0,11138.0,2939.0,26.39,277.23,16.91,19.24,616.99
2019,NM,35,441116.0,230484.0,39.66,71.0,52.52,22.65,151506.0,8806.0,8430.0,2185.0,25.92,199.99,13.31,16.09,614.53
2019,NV,32,557179.0,275807.0,41.81,72.0,52.37,17.15,198150.0,11452.0,10320.0,2784.0,26.97,257.76,15.4,20.24,653.28
2019,NY,36,3801343.0,1741839.0,45.82,72.0,55.56,24.81,1473319.0,13254.0,10915.0,3172.0,29.06,284.38,17.26,19.18,622.7
2019,OH,39,2454871.0,1159406.0,46.18,72.0,54.13,16.34,994989.0,10600.0,10519.0,2932.0,27.87,280.01,17.25,18.3,721.15
2019,OK,40,775679.0,521189.0,23.27,71.0,55.05,18.11,158096.0,11321.0,11693.0,3086.0,26.39,286.03,17.94,17.66,752.04
2019,OR,41,902871.0,405865.0,49.32,71.0,52.4,20.15,394970.0,9013.0,7994.0,2180.0,27.27,190.33,13.06,14.74,618.39
2019,PA,42,2862871.0,1350464.0,46.36,72.0,55.09,17.64,1167187.0,10980.0,10338.0,2836.0,27.43,275.04,17.07,18.12,633.58
2019,RI,44,230907.0,94595.0,51.3,72.0,55.13,14.72,99628.0,10616.0,9605.0,2655.0,27.65,275.94,16.64,18.94,639.07
2019,SC,45,1124041.0,693025.0,31.33,72.0,54.75,11.02,316154.0,9825.0,9978.0,2510.0,25.15,231.39,15.09,16.81,624.96
2019,SD,46,184176.0,127167.0,22.63,72.0,53.24,15.17,37192.0,9416.0,9038.0,2443.0,27.03,228.79,15.32,15.25,505.92
2019,TN,47,1421445.0,725820.0,42.7,72.0,54.99,15.28,540938.0,10044.0,10512.0,2796.0,26.6,269.71,16.83,17.88,650.23
2019,TX,48,4368416.0,2147279.0,43.23,72.0,53.99,15.69,1635415.0,12171.0,11944.0,2933.0,24.56,269.77,16.66,18.31,673.05
2019,UT,49,420395.0,213274.0,41.28,72.0,53.72,10.13,149952.0,9693.0,9414.0,2154.0,22.89,192.49,13.58,12.71,546.33
2019,VA,51,1581647.0,1041012.0,23.76,72.0,55.52,12.93,324381.0,9795.0,9572.0,2631.0,27.48,250.08,15.95,17.46,671.62
2019,VT,50,154044.0,119320.0,12.77,71.0,54.05,23.32,17467.0,9330.0,7819.0,2193.0,28.04,213.84,14.08,16.74,669.9
2019,WA,53,1426634.0,782986.0,36.89,72.0,53.29,16.19,457651.0,9245.0,8310.0,2287.0,27.52,200.25,13.45,15.87,610.19
2019,WI,55,1228636.0,595978.0,46.28,71.0,54.06,19.51,513392.0,9345.0,8978.0,2455.0,27.35,229.1,15.04,16.27,662.16
2019,WV,54,458970.0,265344.0,35.69,70.0,52.52,25.82,147257.0,10048.0,10220.0,3062.0,29.96,292.87,17.66,20.19,810.46
2019,WY,56,115611.0,98890.0,4.52,72.0,52.24,11.95,4677.0,9475.0,8439.0,2255.0,26.72,207.89,14.44,13.9,590.98
2020,AK,02,109882.0,92202.0,1.78,71.0,50.45,22.07,1673.0,9449.0,7109.0,2061.0,28.99,159.25,11.21,14.29,449.32
2020,AL,01,1112834.0,505750.0,49.0,71.0,54.61,17.5,485886.0,10317.0,10854.0,2874.0,26.48,249.82,16.12,17.95,562.97
2020,AR,05,676740.0,414587.0,31.36,71.0,54.95,18.11,189409.0,9723.0,10252.0,2626.0,25.62,233.01,15.05,17.71,554.45
2020,AZ,04,1432482.0,681510.0,46.15,73.0,53.08,9.63,583980.0,9556.0,9033.0,2223.0,24.61,182.83,12.39,16.43,441.21
2020,CA,06,6711821.0,2836548.0,50.5,72.0,54.02,29.63,2893692.0,12609.0,9876.0,2544.0,25.76,202.76,12.91,18.69,496.0
2020,CO,08,984092.0,447254.0,47.74,72.0,52.65,14.72,408647.0,9159.0,8588.0,2121.0,24.7,170.54,11.96,14.67,469.89
2020,CT,09,726542.0,316942.0,49.37,73.0,55.67,28.68,309104.0,12716.0,10674.0,2934.0,27.49,252.94,16.0,18.63,607.48
2020,DC,11,98781.0,57219.0,25.72,72.0,57.11,38.38,19816.0,12182.0,10168.0,3206.0,31.53,248.59,15.18,21.2,629.37
2020,DE,10,225795.0,161803.0,19.86,73.0,55.54,14.05,40094.0,10586.0,9582.0,2434.0,25.4,204.74,13.43,17.11,499.41
2020,FL,12,4892154.0,2142151.0,51.38,73.0,54.58,13.83,2263862.0,11680.0,11406.0,2806.0,24.6,252.42,15.76,19.15,536.72
2020,GA,13,1861084.0,877833.0,46.23,72.0,54.39,15.84,754641.0,10573.0,10423.0,2754.0,26.43,229.59,14.68,18.72,550.91
2020,HI,15,293932.0,110175.0,54.51,74.0,52.59,11.11,132003.0,8123.0,6659.0,1668.0,25.05,129.96,9.05,15.12,417.27
2020,IA,19,668784.0,445420.0,26.41,73.0,54.93,13.29,159824.0,9085.0,8919.0,2200.0,24.67,195.65,13.56,15.24,509.61
2020,ID,16,364880.0,198100.0,39.43,72.0,51.87,15.26,128977.0,8495.0,8270.0,1913.0,23.13,159.37,11.5,12.98,479.18
2020,IL,17,2378023.0,1390858.0,32.63,73.0,55.32,16.9,673548.0,10913.0,10213.0,2788.0,27.29,248.12,15.57,19.17,553.27
2020,IN,18,1347392.0,745041.0,38.08,72.0,55.48,18.17,458178.0,10389.0,10213.0,2705.0,26.48,237.14,15.37,17.54,570.32
2020,KS,20,573515.0,394126.0,22.62,73.0,54.93,12.19,115207.0,10083.0,10189.0,2576.0,25.28,232.61,15.49,16.03,526.53
2020,KY,21,987126.0,514796.0,41.0,70.0,53.07,22.69,357671.0,9799.0,9965.0,2708.0,27.18,241.04,15.24,18.97,595.61
2020,LA,22,930754.0,456093.0,44.56,71.0,54.24,25.8,366584.0,11713.0,12095.0,2952.0,24.41,260.69,16.37,18.63,653.48
2020,MA,25,1417832.0,861913.0,29.27,72.0,55.75,24.69,356631.0,11562.0,9571.0,2701.0,28.22,255.07,15.71,19.72,587.15
2020,MD,24,1110838.0,792848.0,14.55,73.0,57.06,17.33,135045.0,12108.0,9669.0,2552.0,26.39,207.69,13.31,19.74,507.45
2020,ME,23,362843.0,173706.0,44.42,71.0,53.19,31.55,138847.0,8956.0,8363.0,2050.0,24.52,185.88,12.68,15.44,608.91
2020,MI,26,2202632.0,979609.0,50.65,71.0,54.9,20.73,1005523.0,10388.0,9858.0,2877.0,29.19,250.02,15.6,19.47,598.74
2020,MN,27,1096014.0,466480.0,52.05,71.0,53.67,17.18,506340.0,10107.0,9169.0,2579.0,28.12,216.47,14.22,17.27,570.84
2020,MO,29,1308493.0,666693.0,42.88,71.0,54.44,16.08,500497.0,10388.0,10331.0,2836.0,27.45,246.81,15.77,18.48,578.13
2020,MS,28,640263.0,434319.0,24.21,71.0,55.45,25.14,138764.0,10980.0,11488.0,2875.0,25.02,254.14,16.0,18.75,637.27
2020,MT,30,248868.0,175258.0,21.61,72.0,51.92,14.45,48314.0,8224.0,7693.0,1931.0,25.1,169.76,12.06,13.62,470.53
2020,NC,37,2130073.0,1101447.0,42.83,71.0,54.31,17.15,825189.0,9800.0,9482.0,2459.0,25.94,218.54,14.23,17.59,563.21
2020,ND,38,141287.0,98597.0,21.07,72.0,53.43,14.02,26325.0,9333.0,8910.0,2366.0,26.56,204.6,13.86,16.34,499.36
2020,NE,31,371073.0,258327.0,21.32,73.0,55.08,11.25,70006.0,10112.0,9679.0,2443.0,25.24,208.62,14.27,15.84,452.8
2020,NH,33,322075.0,211014.0,23.95,72.0,54.54,13.64,66455.0,9216.0,8255.0,2176.0,26.36,194.78,12.79,17.14,527.14
2020,NJ,34,1722289.0,939658.0,35.83,73.0,56.69,13.6,524662.0,12262.0,10340.0,2721.0,26.31,235.98,15.0,19.3,477.82
2020,NM,35,451997.0,225247.0,42.81,71.0,52.58,20.59,168599.0,8329.0,7929.0,1996.0,25.18,164.53,11.33,16.1,488.95
2020,NV,32,575144.0,273466.0,44.44,72.0,52.42,16.13,218721.0,11203.0,9950.0,2615.0,26.28,224.61,13.77,20.05,536.99
2020,NY,36,3858571.0,1716746.0,48.08,73.0,55.54,24.56,1589497.0,12760.0,10317.0,2958.0,28.67,240.17,15.3,18.84,493.7
2020,OH,39,2496986.0,1121441.0,49.21,72.0,53.97,15.26,1086755.0,10152.0,9972.0,2748.0,27.55,242.36,15.29,18.69,583.6
2020,OK,40,790893.0,506612.0,26.85,72.0,55.0,16.88,185931.0,11162.0,11436.0,2920.0,25.54,247.31,16.06,17.47,619.25
2020,OR,41,924787.0,404395.0,50.91,71.0,52.45,19.76,419335.0,8498.0,7472.0,1956.0,26.17,160.54,11.14,14.77,509.09
2020,PA,42,2909434.0,1322861.0,48.46,72.0,55.03,16.24,1243898.0,10417.0,9686.0,2623.0,27.08,236.26,15.13,18.09,512.36
2020,RI,44,235526.0,92678.0,53.65,72.0,55.05,15.56,107267.0,9935.0,8963.0,2413.0,26.92,229.33,14.4,18.29,507.1
2020,SC,45,1156883.0,677428.0,34.97,72.0,54.75,9.86,364244.0,9749.0,9747.0,2365.0,24.27,201.15,13.38,17.27,510.84
2020,SD,46,189041.0,127182.0,24.49,72.0,53.03,14.46,41238.0,9241.0,8858.0,2286.0,25.8,200.31,13.74,15.2,437.54
2020,TN,47,1451198.0,710421.0,45.39,72.0,55.02,13.91,590421.0,9859.0,10130.0,2628.0,25.94,232.1,14.85,18.1,527.31
2020,TX,48,4503122.0,2105933.0,46.22,72.0,53.92,14.31,1809741.0,11953.0,11520.0,2771.0,24.06,231.31,14.75,18.31,543.73
2020,UT,49,434840.0,210921.0,44.07,72.0,53.74,9.64,166200.0,9446.0,9072.0,1953.0,21.53,164.26,11.85,12.59,459.21
2020,VA,51,1619586.0,1017996.0,27.26,73.0,55.47,11.15,381490.0,9329.0,8978.0,2372.0,26.42,206.13,13.6,17.25,530.69
2020,VT,50,158120.0,118987.0,15.19,72.0,53.94,22.02,21313.0,8607.0,7274.0,1988.0,27.33,177.57,12.02,16.34,541.77
2020,WA,53,1462640.0,771482.0,39.66,72.0,53.26,15.5,507032.0,8684.0,7752.0,2037.0,26.28,165.82,11.43,15.41,500.63
2020,WI,55,1257754.0,579402.0,49.16,71.0,53.9,19.11,560350.0,9089.0,8657.0,2334.0,26.96,201.9,13.41,16.77,566.58
2020,WV,54,462580.0,250569.0,39.86,70.0,52.41,23.93,166080.0,9479.0,9546.0,2780.0,29.12,245.66,15.23,19.8,634.45
2020,WY,56,119587.0,102058.0,4.94,72.0,52.25,11.29,5300.0,9218.0,8129.0,2095.0,25.76,176.74,12.53,14.06,498.68
2021,AK,02,113653.0,95155.0,2.09,71.0,50.55,21.93,2034.0,10715.0,8113.0,2189.0,26.99,161.06,11.33,15.34,480.16
2021,AL,01,1124177.0,456883.0,54.31,71.0,54.68,16.3,543156.0,10986.0,11428.0,2879.0,25.2,238.57,15.65,17.49,567.63
2021,AR,05,684579.0,389607.0,35.96,72.0,54.97,16.84,218734.0,10252.0,10721.0,2638.0,24.61,224.83,14.73,17.65,563.03
2021,AZ,04,1466118.0,661421.0,49.04,73.0,53.25,8.97,636546.0,10477.0,9967.0,2330.0,23.38,183.12,12.46,16.21,483.97
2021,CA,06,6815373.0,2778184.0,52.33,73.0,54.15,29.88,3049855.0,13712.0,10689.0,2671.0,24.99,200.83,12.91,18.62,516.21
2021,CO,08,1006598.0,438315.0,50.08,72.0,52.8,14.91,439701.0,10165.0,9470.0,2248.0,23.74,167.3,11.74,15.01,512.04
2021,CT,09,735267.0,297922.0,53.01,73.0,55.63,27.1,336125.0,13778.0,11580.0,3058.0,26.41,250.28,15.83,18.6,661.34
2021,DC,11,98576.0,54075.0,29.32,72.0,57.37,37.79,22434.0,13158.0,10986.0,3279.0,29.85,243.9,14.73,20.72,647.79
2021,DE,10,233134.0,156910.0,24.28,73.0,55.59,13.11,50325.0,11841.0,10703.0,2645.0,24.72,205.52,13.48,17.15,534.57
2021,FL,12,5028324.0,2079034.0,53.95,74.0,54.6,12.82,2435488.0,12511.0,12186.0,2890.0,23.72,248.21,15.65,18.91,570.0
2021,GA,13,1901313.0,817181.0,50.94,72.0,54.51,14.33,848603.0,11110.0,10872.0,2790.0,25.66,220.19,14.37,18.12,543.49
2021,HI,15,301256.0,108136.0,56.72,74.0,52.74,10.77,141697.0,8916.0,7313.0,1812.0,24.78,131.39,9.25,14.61,425.67
2021,IA,19,677843.0,432488.0,29.42,73.0,54.78,12.86,180243.0,10034.0,9793.0,2215.0,22.62,188.74,13.09,15.2,539.88
2021,ID,16,378138.0,194068.0,42.84,72.0,51.82,14.52,145421.0,9255.0,8901.0,1912.0,21.48,149.78,10.97,13.15,495.72
2021,IL,17,2397725.0,1293397.0,37.1,73.0,55.25,15.53,762882.0,11931.0,11126.0,2913.0,26.18,246.25,15.39,19.31,573.92
2021,IN,18,1365484.0,695359.0,42.99,72.0,55.38,16.67,524261.0,11185.0,10931.0,2773.0,25.37,233.41,15.08,17.86,601.81
2021,KS,20,583419.0,378126.0,26.83,73.0,54.9,11.36,138635.0,10966.0,11037.0,2674.0,24.23,226.04,15.17,15.83,554.41
2021,KY,21,998267.0,471191.0,46.43,71.0,53.06,20.6,408395.0,10508.0,10676.0,2824.0,26.45,232.67,15.05,18.49,608.56
2021,LA,22,939423.0,413194.0,49.9,71.0,54.24,24.18,411619.0,12004.0,12477.0,2898.0,23.23,244.47,15.53,18.22,657.26
2021,MA,25,1436010.0,844294.0,31.72,72.0,55.8,24.33,392308.0,12802.0,10572.0,2865.0,27.1,255.75,15.75,19.34,618.16
2021,MD,24,1127238.0,764777.0,18.1,73.0,57.05,17.66,169057.0,13230.0,10706.0,2687.0,25.1,213.44,13.49,20.3,540.66
2021,ME,23,371875.0,161899.0,50.66,71.0,52.97,29.38,166224.0,9858.0,9135.0,2131.0,23.33,174.48,12.06,15.36,634.41
2021,MI,26,2231630.0,904813.0,55.04,71.0,54.79,19.99,1107781.0,11321.0,10732.0,2993.0,27.89,248.37,15.56,19.25,630.52
2021,MN,27,1117981.0,436753.0,56.26,71.0,53.6,17.71,561659.0,11232.0,10202.0,2746.0,26.92,213.69,14.07,16.93,615.79
2021,MO,29,1325405.0,624531.0,47.14,72.0,54.46,14.74,557022.0,10930.0,10873.0,2861.0,26.31,241.73,15.43,18.23,590.16
2021,MS,28,646117.0,397940.0,30.55,71.0,55.45,22.71,175079.0,11536.0,12025.0,2839.0,23.61,238.33,15.26,18.28,632.66
2021,MT,30,255443.0,173471.0,24.15,72.0,51.99,13.95,55236.0,9024.0,8421.0,2003.0,23.78,167.36,11.91,14.24,501.67
2021,NC,37,2177549.0,1030968.0,47.35,72.0,54.27,15.56,927283.0,10408.0,10011.0,2474.0,24.71,208.5,13.77,17.42,563.52
2021,ND,38,143798.0,96338.0,24.07,72.0,53.3,13.92,30537.0,10186.0,9720.0,2382.0,24.51,197.72,13.34,15.99,521.65
2021,NE,31,377514.0,247395.0,25.91,73.0,55.09,11.0,86519.0,10984.0,10470.0,2446.0,23.36,200.49,13.77,15.25,485.78
2021,NH,33,331299.0,204977.0,28.18,72.0,54.48,13.28,80427.0,10269.0,9130.0,2274.0,24.91,194.75,12.76,17.11,566.72
2021,NJ,34,1736749.0,900252.0,38.93,74.0,56.8,13.04,573860.0,13782.0,11562.0,2934.0,25.38,244.38,15.29,19.3,528.76
2021,NM,35,459399.0,214735.0,46.06,72.0,52.79,20.6,183335.0,9167.0,8703.0,2114.0,24.29,166.63,11.5,16.21,527.75
2021,NV,32,589033.0,261584.0,48.15,72.0,52.44,15.47,242876.0,12028.0,10627.0,2695.0,25.36,220.23,13.67,19.62,558.0
2021,NY,36,3880506.0,1650306.0,50.53,73.0,55.65,23.67,1685555.0,14373.0,11533.0,3200.0,27.75,245.72,15.49,18.85,538.66
2021,OH,39,2526943.0,1070553.0,52.21,72.0,53.9,14.02,1169771.0,10940.0,10663.0,2832.0,26.56,238.3,15.15,18.34,608.56
2021,OK,40,803114.0,470277.0,32.87,72.0,54.87,15.88,230259.0,11818.0,12055.0,2951.0,24.48,237.94,15.72,16.99,631.81
2021,OR,41,941383.0,394650.0,52.97,71.0,52.54,20.1,444436.0,9163.0,8031.0,2011.0,25.04,155.91,10.89,15.02,534.08
2021,PA,42,2940835.0,1273736.0,50.84,72.0,55.03,15.0,1317312.0,11389.0,10549.0,2794.0,26.49,237.98,15.27,18.08,538.15
2021,RI,44,238846.0,86576.0,57.1,73.0,54.88,14.41,115239.0,11011.0,9927.0,2577.0,25.96,232.02,14.7,17.98,524.65
2021,SC,45,1187968.0,649160.0,39.14,72.0,54.87,8.4,417552.0,10428.0,10309.0,2395.0,23.23,194.17,13.04,17.08,524.29
2021,SD,46,193275.0,123855.0,27.62,72.0,52.94,13.86,47261.0,10339.0,9788.0,2398.0,24.5,201.36,13.72,15.34,469.9
2021,TN,47,1476568.0,678781.0,48.64,72.0,55.14,12.54,642858.0,10296.0,10533.0,2589.0,24.58,217.88,14.26,17.43,517.47
2021,TX,48,4616811.0,1990498.0,50.38,72.0,54.01,12.95,2021318.0,12617.0,12074.0,2868.0,23.76,223.96,14.5,17.87,572.73
2021,UT,49,448080.0,204314.0,47.54,73.0,53.82,9.48,185129.0,10439.0,9915.0,2053.0,20.7,163.57,11.71,13.15,496.87
2021,VA,51,1652019.0,969980.0,31.9,73.0,55.47,9.62,454401.0,10176.0,9700.0,2443.0,25.19,200.23,13.27,17.45,552.27
2021,VT,50,161905.0,113405.0,20.81,72.0,53.88,21.13,29795.0,9773.0,8137.0,2119.0,26.04,176.96,11.94,16.37,585.45
2021,WA,53,1496825.0,747205.0,42.93,73.0,53.28,15.23,562004.0,9509.0,8402.0,2088.0,24.86,161.49,11.2,15.59,533.61
2021,WI,55,1283246.0,555796.0,52.22,71.0,53.8,18.71,607333.0,9993.0,9456.0,2398.0,25.35,196.46,13.08,16.72,603.89
2021,WV,54,465473.0,229055.0,45.18,71.0,52.47,22.61,188812.0,10293.0,10266.0,2919.0,28.43,241.96,15.33,19.63,659.8
2021,WY,56,123322.0,104284.0,5.92,72.0,52.27,11.69,6557.0,10283.0,9021.0,2273.0,25.19,177.0,12.62,13.88,532.24
2022,AK,02,117023.0,97534.0,2.39,71.0,50.71,22.12,2388.0,10833.0,8391.0,2249.0,26.8,164.61,11.43,15.26,511.35
2022,AL,01,1136151.0,420148.0,58.39,72.0,54.7,15.29,589541.0,11300.0,11883.0,2866.0,24.12,238.9,15.54,17.42,588.11
2022,AR,05,691982.0,369665.0,39.69,72.0,55.05,15.8,243308.0,10705.0,11293.0,2702.0,23.93,224.61,14.71,17.28,583.2
2022,AZ,04,1494975.0,643111.0,51.39,74.0,53.49,8.54,679967.0,10824.0,10332.0,2298.0,22.24,179.25,12.14,16.12,498.83
2022,CA,06,6936781.0,2734833.0,53.83,73.0,54.3,30.27,3188104.0,14512.0,11355.0,2778.0,24.46,207.25,13.16,18.6,552.23
2022,CO,08,1030117.0,424280.0,52.84,72.0,52.88,13.96,475367.0,10410.0,9809.0,2222.0,22.65,168.56,11.67,15.08,535.17
2022,CT,09,740388.0,277574.0,56.66,74.0,55.54,26.04,362846.0,14242.0,12020.0,3138.0,26.1,247.97,15.65,18.78,687.25
2022,DC,11,98990.0,52245.0,32.54,72.0,57.32,38.43,25206.0,13754.0,11132.0,3239.0,29.1,239.07,14.52,20.27,662.67
2022,DE,10,240663.0,152948.0,28.46,73.0,55.8,12.51,60842.0,12069.0,10904.0,2618.0,24.01,199.89,13.21,16.4,526.34
2022,FL,12,5144675.0,2023304.0,56.16,74.0,54.66,12.01,2592290.0,12860.0,12657.0,2977.0,23.52,252.7,15.81,18.78,604.82
2022,GA,13,1941856.0,774650.0,54.52,72.0,54.62,13.09,928498.0,11342.0,11129.0,2797.0,25.13,219.6,14.17,18.28,550.72
2022,HI,15,308028.0,105400.0,58.96,74.0,52.9,10.21,151441.0,9350.0,7651.0,1908.0,24.94,135.63,9.55,14.57,466.14
2022,IA,19,690478.0,416983.0,33.0,73.0,54.77,12.39,205367.0,10178.0,10039.0,2198.0,21.89,184.13,12.83,14.5,548.46
2022,ID,16,388276.0,187338.0,46.36,72.0,51.86,13.86,161917.0,9443.0,9213.0,1962.0,21.29,148.13,10.82,12.88,509.5
2022,IL,17,2432605.0,1237484.0,41.21,73.0,55.3,15.67,867590.0,12314.0,11536.0,2976.0,25.8,246.53,15.37,19.16,594.84
2022,IN,18,1387971.0,662579.0,46.64,72.0,55.28,16.5,579080.0,11382.0,11241.0,2813.0,25.02,231.1,14.93,17.52,608.08
2022,KS,20,594516.0,366348.0,30.54,73.0,54.98,10.9,161066.0,11163.0,11281.0,2625.0,23.27,217.29,14.68,15.54,563.31
2022,KY,21,1008082.0,431278.0,51.47,71.0,53.13,18.01,457481.0,10879.0,11066.0,2853.0,25.78,231.96,14.97,18.16,619.85
2022,LA,22,951359.0,387826.0,53.79,72.0,54.38,22.61,451416.0,12486.0,13055.0,2867.0,21.96,240.6,15.16,17.96,661.02
2022,MA,25,1463551.0,823106.0,34.22,73.0,55.94,23.88,428104.0,13090.0,10916.0,2905.0,26.61,250.22,15.47,19.22,623.67
2022,MD,24,1149670.0,747584.0,21.16,73.0,57.1,17.41,200619.0,13759.0,11130.0,2703.0,24.29,210.9,13.39,19.87,539.9
2022,ME,23,379853.0,149663.0,55.51,72.0,52.98,28.0,186711.0,10077.0,9448.0,2177.0,23.04,170.94,12.0,14.92,660.94
2022,MI,26,2265749.0,832427.0,59.12,72.0,54.73,19.79,1203668.0,11356.0,10908.0,2921.0,26.78,239.29,15.06,18.99,629.27
2022,MN,27,1144584.0,416832.0,59.22,72.0,53.65,18.05,605401.0,11379.0,10431.0,2776.0,26.62,206.4,13.65,16.61,630.17
2022,MO,29,1345931.0,588289.0,50.95,72.0,54.49,13.7,611180.0,11156.0,11140.0,2840.0,25.49,237.29,15.16,18.22,596.39
2022,MS,28,653073.0,368984.0,36.25,72.0,55.48,20.23,209796.0,11978.0,12591.0,2856.0,22.69,236.26,15.11,17.99,640.9
2022,MT,30,261373.0,171148.0,26.88,72.0,52.12,13.58,62932.0,9027.0,8554.0,1951.0,22.8,158.96,11.32,13.88,507.01
2022,NC,37,2224649.0,966350.0,51.68,72.0,54.32,14.09,1033740.0,10490.0,10159.0,2451.0,24.13,202.99,13.53,16.8,563.97
2022,ND,38,147448.0,93020.0,28.7,73.0,53.35,13.99,37446.0,10392.0,9932.0,2396.0,24.13,197.41,13.23,16.39,544.59
2022,NE,31,385640.0,237148.0,30.3,73.0,55.11,10.43,103111.0,11166.0,10822.0,2478.0,22.9,198.5,13.54,15.36,509.11
2022,NH,33,341111.0,199476.0,32.23,72.0,54.36,12.96,94849.0,10520.0,9403.0,2322.0,24.7,189.92,12.58,16.8,579.65
2022,NJ,34,1768761.0,878134.0,41.3,74.0,56.78,12.98,617855.0,14163.0,12050.0,3001.0,24.91,243.01,15.17,19.17,557.2
2022,NM,35,466984.0,203744.0,49.96,72.0,52.99,19.56,203423.0,9595.0,9154.0,2156.0,23.55,164.72,11.39,15.52,559.85
2022,NV,32,601698.0,250513.0,51.4,72.0,52.47,14.68,264952.0,12545.0,11216.0,2747.0,24.49,221.88,13.7,19.64,594.35
2022,NY,36,3936225.0,1599200.0,52.82,73.0,55.66,22.87,1790206.0,15008.0,12144.0,3334.0,27.45,244.92,15.39,18.53,560.7
2022,OH,39,2563352.0,1015711.0,55.33,72.0,53.9,13.44,1258294.0,11025.0,10792.0,2768.0,25.65,231.79,14.74,18.21,607.13
2022,OK,40,815624.0,445869.0,37.31,72.0,54.93,14.72,265393.0,12105.0,12481.0,2900.0,23.23,232.36,15.31,16.88,646.34
2022,OR,41,955849.0,380039.0,55.33,72.0,52.63,19.92,470702.0,9573.0,8377.0,2128.0,25.41,158.02,11.12,14.45,561.02
2022,PA,42,2981655.0,1222923.0,53.36,73.0,55.14,14.3,1399160.0,11643.0,10775.0,2756.0,25.58,231.03,14.81,18.0,539.52
2022,RI,44,243636.0,80270.0,60.96,73.0,54.92,12.74,125363.0,11335.0,10142.0,2555.0,25.19,220.48,14.1,17.46,537.51
2022,SC,45,1218835.0,625702.0,42.91,73.0,55.04,7.46,470206.0,10767.0,10726.0,2405.0,22.42,194.89,13.07,16.69,540.87
2022,SD,46,198253.0,119937.0,31.67,72.0,52.83,13.38,55585.0,10445.0,9992.0,2371.0,23.73,191.6,13.1,15.08,468.09
2022,TN,47,1498118.0,645450.0,51.65,73.0,55.31,11.37,689526.0,10604.0,10905.0,2616.0,23.98,216.31,14.18,17.06,525.75
2022,TX,48,4736999.0,1912675.0,53.43,73.0,54.07,11.76,2194093.0,12922.0,12522.0,2880.0,23.0,224.65,14.39,17.78,589.13
2022,UT,49,460425.0,196445.0,50.81,73.0,53.84,9.09,202927.0,10796.0,10315.0,2096.0,20.32,164.12,11.76,13.24,516.89
2022,VA,51,1686075.0,926429.0,36.28,74.0,55.53,8.57,527547.0,10494.0,10038.0,2456.0,24.47,199.53,13.24,17.02,572.14
2022,VT,50,165721.0,104653.0,28.82,72.0,53.36,21.51,42367.0,10228.0,8567.0,2258.0,26.35,175.67,11.9,16.33,626.76
2022,WA,53,1525506.0,720167.0,46.01,73.0,53.35,14.78,613814.0,9867.0,8756.0,2192.0,25.04,163.35,11.39,15.11,548.54
2022,WI,55,1312254.0,530739.0,55.37,72.0,53.69,18.27,658549.0,10205.0,9700.0,2445.0,25.21,196.4,13.07,16.86,624.11
2022,WV,54,466247.0,211240.0,49.55,71.0,52.55,21.51,207450.0,10588.0,10649.0,2917.0,27.39,244.92,15.45,19.26,678.51
2022,WY,56,126529.0,103626.0,8.51,72.0,52.1,11.34,9633.0,10048.0,9032.0,2147.0,23.78,170.14,12.03,13.8,536.16
2023,AK,02,120280.0,99627.0,2.62,72.0,50.82,21.91,2684.0,11429.0,9082.0,2345.0,25.82,168.1,11.5,16.2,539.6
2023,AL,01,1151244.0,390938.0,61.73,72.0,54.65,13.84,630613.0,12014.0,12787.0,3024.0,23.65,245.03,15.84,17.6,597.23
2023,AR,05,699823.0,337278.0,45.53,73.0,54.69,15.64,281931.0,11482.0,12120.0,2781.0,22.94,226.15,14.57,17.58,590.78
2023,AZ,04,1528056.0,630108.0,53.25,74.0,53.65,8.37,717858.0,12341.0,11790.0,2424.0,20.56,187.54,12.5,16.31,518.61
2023,CA,06,7080940.0,2682940.0,55.38,73.0,54.33,30.6,3330516.0,15433.0,12125.0,2845.0,23.47,212.47,13.32,18.45,571.15
2023,CO,08,1055744.0,411522.0,55.25,73.0,52.92,13.09,508022.0,11252.0,10671.0,2245.0,21.04,169.15,11.66,14.99,533.16
2023,CT,09,757873.0,263913.0,59.68,74.0,55.35,24.86,390698.0,14780.0,12480.0,3120.0,25.0,250.73,15.66,18.6,698.38
2023,DC,11,99522.0,49144.0,36.54,73.0,57.18,37.08,28298.0,14031.0,11652.0,3162.0,27.14,232.99,14.3,19.8,675.67
2023,DE,10,248282.0,150520.0,31.71,73.0,55.95,12.04,69888.0,12836.0,11811.0,2610.0,22.1,204.43,13.35,16.93,549.24
2023,FL,12,5250841.0,1963380.0,58.16,74.0,54.71,11.19,2729100.0,13780.0,13686.0,3085.0,22.54,258.59,16.05,18.73,612.47
2023,GA,13,1986659.0,738152.0,57.51,73.0,54.67,11.83,998928.0,11916.0,11788.0,2835.0,24.05,221.44,14.24,18.13,558.7
2023,HI,15,313961.0,102164.0,60.87,75.0,53.09,9.47,158911.0,10042.0,8203.0,1972.0,24.04,144.08,10.03,15.06,490.77
2023,IA,19,703006.0,398632.0,36.82,74.0,54.79,10.68,232294.0,10677.0,10707.0,2281.0,21.31,185.28,12.78,14.76,538.15
2023,ID,16,399056.0,179889.0,49.54,73.0,51.93,12.63,176605.0,10166.0,9989.0,2015.0,20.17,152.55,10.99,13.1,505.12
2023,IL,17,2469323.0,1182730.0,44.24,74.0,55.39,15.2,938425.0,13144.0,12444.0,3054.0,24.54,252.23,15.53,19.15,607.31
2023,IN,18,1412597.0,627304.0,50.22,73.0,55.27,15.74,632822.0,12020.0,12043.0,2838.0,23.57,234.28,14.91,17.65,618.65
2023,KS,20,604506.0,355931.0,33.57,73.0,54.95,9.95,179856.0,12198.0,12390.0,2662.0,21.49,214.51,14.45,15.39,559.26
2023,KY,21,1019526.0,400268.0,55.35,72.0,53.18,16.27,496257.0,11556.0,11853.0,2937.0,24.78,236.06,15.01,18.53,626.06
2023,LA,22,966338.0,360989.0,57.38,72.0,54.47,19.9,486004.0,13139.0,13805.0,2985.0,21.62,241.09,15.1,18.16,652.34
2023,MA,25,1491384.0,796538.0,36.89,73.0,56.06,23.22,465635.0,13852.0,11729.0,3060.0,26.09,258.95,15.9,19.17,631.86
2023,MD,24,1174516.0,727278.0,24.53,73.0,57.05,16.96,236391.0,14278.0,11852.0,2750.0,23.2,216.23,13.56,19.9,553.44
2023,ME,23,387113.0,139975.0,59.18,72.0,52.95,26.57,202928.0,10432.0,9841.0,2235.0,22.71,177.82,12.17,15.46,677.59
2023,MI,26,2305486.0,773389.0,62.64,72.0,54.71,19.27,1296892.0,12071.0,11780.0,2997.0,25.44,243.78,15.2,18.8,639.67
2023,MN,27,1172156.0,395499.0,62.11,72.0,53.63,17.96,648440.0,11990.0,11172.0,2912.0,26.07,216.81,14.21,16.93,656.15
2023,MO,29,1367107.0,551213.0,54.74,73.0,54.59,12.71,666663.0,11887.0,11954.0,2934.0,24.55,241.05,15.25,18.15,606.42
2023,MS,28,660913.0,342866.0,41.08,72.0,55.54,17.78,239051.0,12679.0,13474.0,2861.0,21.24,235.09,14.99,17.65,632.4
2023,MT,30,267343.0,168821.0,29.33,73.0,52.12,12.99,70065.0,9612.0,9198.0,1979.0,21.52,157.74,11.12,14.33,506.52
2023,NC,37,2273250.0,895592.0,56.06,73.0,54.25,12.57,1142479.0,11109.0,10891.0,2522.0,23.16,207.36,13.68,16.75,565.02
2023,ND,38,150975.0,88488.0,33.29,73.0,53.49,13.25,44164.0,11011.0,10602.0,2424.0,22.86,197.3,13.2,16.16,541.53
2023,NE,31,393267.0,228281.0,34.14,74.0,55.1,9.77,118340.0,11836.0,11556.0,2598.0,22.48,204.86,13.67,16.42,504.21
2023,NH,33,350662.0,191867.0,36.11,73.0,54.25,12.3,108438.0,11066.0,10026.0,2413.0,24.06,196.56,12.88,17.21,584.59
2023,NJ,34,1805401.0,860756.0,43.29,74.0,56.72,12.4,657084.0,14809.0,12837.0,3038.0,23.67,244.71,15.09,19.27,558.39
2023,NM,35,474322.0,194627.0,52.85,73.0,53.1,18.22,218147.0,10184.0,9793.0,2167.0,22.13,168.15,11.49,15.4,557.52
2023,NV,32,614468.0,240510.0,54.27,73.0,52.49,15.3,285400.0,13621.0,12325.0,2715.0,22.03,220.72,13.67,19.07,589.69
2023,NY,36,4003915.0,1548284.0,54.93,74.0,55.63,22.53,1886964.0,15553.0,12606.0,3282.0,26.04,248.4,15.52,18.31,567.98
2023,OH,39,2604737.0,973013.0,57.77,73.0,53.86,12.52,1331208.0,11569.0,11456.0,2896.0,25.28,237.8,14.94,18.3,609.96
2023,OK,40,828700.0,423710.0,41.13,73.0,54.96,13.35,295984.0,13167.0,13690.0,2996.0,21.89,236.07,15.27,17.29,660.61
2023,OR,41,969192.0,366060.0,57.5,72.0,52.76,19.97,495334.0,10208.0,9019.0,2176.0,24.13,160.29,11.18,14.58,562.84
2023,PA,42,3027857.0,1178457.0,55.65,73.0,55.2,13.35,1478422.0,12412.0,11693.0,2890.0,24.72,237.97,14.97,18.34,558.5
2023,RI,44,248622.0,75869.0,63.88,74.0,55.23,11.67,134195.0,12470.0,11224.0,2681.0,23.89,229.59,14.65,17.41,564.12
2023,SC,45,1249321.0,607120.0,45.89,73.0,55.18,6.69,514988.0,11426.0,11478.0,2520.0,21.96,201.21,13.34,16.7,559.78
2023,SD,46,202604.0,114994.0,35.65,72.0,52.73,12.15,63698.0,11062.0,10700.0,2434.0,22.74,195.43,13.24,15.47,469.49
2023,TN,47,1522963.0,613832.0,54.62,73.0,55.37,10.53,738932.0,11333.0,11777.0,2712.0,23.03,219.61,14.25,17.1,538.01
2023,TX,48,4860770.0,1819291.0,56.63,73.0,53.97,10.75,2375786.0,13585.0,13288.0,2904.0,21.86,224.82,14.3,17.75,580.36
2023,UT,49,472847.0,186458.0,54.44,73.0,53.92,8.76,222808.0,11706.0,11400.0,2175.0,19.08,166.92,11.84,13.03,521.11
2023,VA,51,1722838.0,895581.0,39.52,74.0,55.56,8.72,585157.0,11138.0,10774.0,2550.0,23.67,204.58,13.45,16.86,584.61
2023,VT,50,169047.0,100944.0,32.72,72.0,53.47,21.92,49092.0,11116.0,9314.0,2444.0,26.24,180.59,12.08,16.28,657.2
2023,WA,53,1555950.0,684237.0,49.45,73.0,53.37,13.66,669236.0,10462.0,9433.0,2260.0,23.96,167.01,11.53,15.26,554.01
2023,WI,55,1341157.0,506138.0,58.31,72.0,53.58,16.99,707932.0,10796.0,10415.0,2477.0,23.78,199.11,13.05,16.95,633.69
2023,WV,54,468728.0,192124.0,54.12,72.0,52.56,19.99,226608.0,11150.0,11334.0,3018.0,26.63,248.87,15.45,19.61,683.14
2023,WY,56,129740.0,99194.0,13.69,73.0,52.06,10.19,15735.0,10717.0,9761.0,2170.0,22.24,167.16,11.74,14.6,532.12
2024,AK,02,123807.0,102289.0,2.72,72.0,50.95,21.4,2857.0,12050.0,9209.0,2372.0,25.75,169.23,11.58,15.43,550.54
2024,AL,01,1168516.0,370678.0,64.13,73.0,54.61,12.52,662727.0,12597.0,13309.0,3062.0,23.0,244.89,15.73,17.64,598.41
2024,AR,05,709661.0,327132.0,47.56,73.0,54.66,12.92,296745.0,12356.0,12895.0,2844.0,22.05,227.29,14.65,17.77,597.28
2024,AZ,04,1565366.0,622558.0,54.68,74.0,53.78,7.43,751004.0,13049.0,12251.0,2524.0,20.61,192.57,12.74,16.34,533.39
2024,CA,06,7247540.0,2678166.0,56.41,73.0,54.29,30.22,3466321.0,17054.0,13254.0,2915.0,22.0,217.31,13.47,18.72,587.3
2024,CO,08,1083118.0,405976.0,56.8,73.0,52.98,10.97,533724.0,11939.0,11282.0,2262.0,20.05,164.97,11.35,15.07,530.58
2024,CT,09,777123.0,255239.0,61.87,74.0,55.15,23.19,414219.0,15587.0,13006.0,3208.0,24.66,251.18,15.57,18.71,696.23
2024,DC,11,100535.0,47529.0,38.51,73.0,57.19,33.06,29767.0,14623.0,12133.0,3189.0,26.28,231.67,14.0,20.38,656.63
2024,DE,10,256010.0,149411.0,34.0,74.0,56.07,10.67,76970.0,13584.0,12428.0,2725.0,21.93,209.64,13.59,16.78,564.52
2024,FL,12,5358416.0,1917627.0,59.74,74.0,54.69,10.06,2845975.0,14990.0,14680.0,3169.0,21.59,261.72,16.12,18.89,620.62
2024,GA,13,2035215.0,716088.0,59.58,73.0,54.69,10.28,1055414.0,12789.0,12393.0,2890.0,23.32,224.06,14.26,18.33,563.93
2024,HI,15,319864.0,101236.0,61.83,75.0,53.1,9.02,163969.0,10613.0,8622.0,2026.0,23.5,148.22,10.2,15.32,506.53
2024,IA,19,717756.0,392301.0,39.21,74.0,54.72,9.27,253078.0,11361.0,11257.0,2360.0,20.97,185.37,12.67,15.42,542.03
2024,ID,16,411464.0,177306.0,51.89,73.0,51.96,11.1,191201.0,10899.0,10594.0,2096.0,19.79,157.29,11.23,13.56,515.9
2024,IL,17,2515977.0,1150773.0,46.77,74.0,55.41,14.69,1010915.0,13893.0,13084.0,3141.0,24.01,252.12,15.42,19.49,611.37
2024,IN,18,1440780.0,606981.0,52.61,73.0,55.21,13.87,673906.0,12545.0,12452.0,2961.0,23.78,233.84,14.88,17.46,616.99
2024,KS,20,617128.0,351945.0,35.55,74.0,54.92,9.0,194158.0,12569.0,12620.0,2730.0,21.64,218.48,14.5,16.01,571.02
2024,KY,21,1034084.0,386163.0,57.34,72.0,53.21,13.88,519025.0,12296.0,12540.0,3010.0,24.0,241.73,15.17,18.58,635.3
2024,LA,22,983259.0,346592.0,59.72,73.0,54.51,17.1,513819.0,13580.0,14247.0,3061.0,21.49,243.78,15.21,18.12,644.74
2024,MA,25,1520983.0,788269.0,38.79,74.0,56.06,22.98,499526.0,14453.0,12293.0,3210.0,26.11,262.37,15.97,19.54,646.38
2024,MD,24,1202495.0,714914.0,27.05,74.0,57.0,15.19,265081.0,14982.0,12367.0,2790.0,22.56,217.75,13.65,19.41,555.27
2024,ME,23,394744.0,134668.0,61.64,72.0,52.79,26.0,216364.0,11149.0,10530.0,2391.0,22.7,187.32,12.63,15.95,683.96
2024,MI,26,2351516.0,725068.0,65.55,72.0,54.51,17.22,1379511.0,12549.0,12079.0,3042.0,25.18,244.47,15.14,18.99,638.39
2024,MN,27,1204559.0,384912.0,64.0,72.0,53.51,16.71,684188.0,12648.0,11764.0,2972.0,25.26,219.88,14.21,17.51,654.86
2024,MO,29,1393455.0,534340.0,56.86,73.0,54.59,11.95,704226.0,12652.0,12616.0,3050.0,24.18,244.55,15.37,18.38,618.43
2024,MS,28,671518.0,327393.0,44.83,73.0,55.55,15.94,266068.0,13411.0,14253.0,2982.0,20.92,241.1,15.16,18.5,636.97
2024,MT,30,273522.0,167310.0,31.31,73.0,52.1,10.58,76268.0,10514.0,10031.0,2110.0,21.04,162.15,11.25,15.06,513.82
2024,NC,37,2328240.0,856468.0,58.98,73.0,54.37,11.26,1231713.0,11669.0,11361.0,2615.0,23.01,211.71,13.8,17.15,567.76
2024,ND,38,154914.0,86312.0,36.94,73.0,53.54,12.34,50563.0,11971.0,11352.0,2589.0,22.81,206.46,13.56,16.8,553.78
2024,NE,31,401528.0,226259.0,36.15,74.0,55.08,8.79,128119.0,12451.0,12055.0,2673.0,22.18,207.74,13.75,16.34,513.17
2024,NH,33,360394.0,190956.0,38.32,73.0,54.13,10.13,118645.0,11604.0,10537.0,2449.0,23.24,197.17,12.91,16.79,587.78
2024,NJ,34,1848291.0,850582.0,44.92,74.0,56.58,11.42,693562.0,15596.0,13490.0,3143.0,23.3,246.49,15.12,19.27,561.39
2024,NM,35,482770.0,191514.0,54.27,73.0,53.17,16.37,227277.0,10800.0,10314.0,2280.0,22.11,174.02,11.81,15.82,572.99
2024,NV,32,630804.0,235677.0,56.26,73.0,52.46,14.31,303091.0,14659.0,13211.0,2763.0,20.91,221.36,13.62,19.74,602.65
2024,NY,36,4086934.0,1505446.0,56.99,74.0,55.7,21.64,1994718.0,16650.0,13237.0,3391.0,25.62,251.8,15.54,18.61,579.41
2024,OH,39,2652256.0,943635.0,59.73,73.0,53.86,11.1,1399574.0,12198.0,12145.0,3017.0,24.84,239.29,14.96,18.48,619.57
2024,OK,40,845113.0,413361.0,43.62,73.0,54.93,11.89,319811.0,14105.0,14318.0,3049.0,21.3,238.67,15.11,18.11,665.7
2024,OR,41,984611.0,358909.0,58.97,72.0,52.88,19.02,515920.0,10928.0,9539.0,2223.0,23.3,163.7,11.23,15.58,576.6
2024,PA,42,3082406.0,1144565.0,57.58,73.0,55.18,11.21,1553875.0,12923.0,12223.0,2977.0,24.35,239.52,14.96,18.62,564.99
2024,RI,44,254043.0,73956.0,65.73,74.0,55.14,10.57,141818.0,12989.0,11641.0,2785.0,23.92,234.37,14.73,18.0,582.55
2024,SC,45,1283954.0,596791.0,48.12,73.0,55.31,6.07,553525.0,12215.0,12172.0,2589.0,21.27,201.36,13.27,16.75,565.1
2024,SD,46,207341.0,112628.0,38.63,73.0,52.67,11.11,70897.0,11700.0,11263.0,2464.0,21.88,195.56,13.16,15.88,481.79
2024,TN,47,1552211.0,599877.0,56.25,73.0,55.38,8.85,771257.0,11921.0,12277.0,2755.0,22.44,219.75,14.17,17.34,538.42
2024,TX,48,5001075.0,1788839.0,58.35,73.0,53.88,9.28,2505775.0,14406.0,14056.0,2991.0,21.28,226.89,14.31,17.93,584.21
2024,UT,49,487268.0,180518.0,57.04,74.0,53.96,8.0,239668.0,12335.0,12078.0,2310.0,19.13,171.17,12.11,13.39,530.98
2024,VA,51,1765064.0,878101.0,41.81,74.0,55.56,7.5,631026.0,11791.0,11443.0,2680.0,23.42,207.24,13.48,17.24,597.59
2024,VT,50,172215.0,99597.0,34.71,72.0,53.34,20.89,52943.0,11494.0,9544.0,2375.0,24.89,177.91,11.83,16.62,671.55
2024,WA,53,1589604.0,644886.0,53.25,74.0,53.55,12.08,734480.0,11241.0,10037.0,2372.0,23.64,174.1,11.87,15.7,571.37
2024,WI,55,1374892.0,491688.0,60.49,72.0,53.48,15.03,752644.0,11165.0,10799.0,2542.0,23.54,199.79,13.05,16.89,637.07
2024,WV,54,473317.0,181595.0,57.13,72.0,52.57,17.63,242032.0,11841.0,11982.0,3158.0,26.36,254.35,15.68,19.93,688.48
2024,WY,56,133263.0,96075.0,18.48,73.0,52.09,8.97,21776.0,11897.0,10805.0,2299.0,21.27,173.1,12.07,14.39,540.93
